Domain Code,Domain,Area Code (M49),Area,Element Code,Element,Item Code (CPC),Item,Year Code,Year,Unit,Value,Flag,Flag Description,Note
"QCL","Crops and livestock products","728","South Sudan","5312","Area harvested","01701","Beans, dry","2012","2012","ha","1680","E","Estimated value",""
"QCL","Crops and livestock products","728","South Sudan","5412","Yield","01701","Beans, dry","2012","2012","kg/ha","3571.4","E","Estimated value",""
"QCL","Crops and livestock products","728","South Sudan","5510","Production","01701","Beans, dry","2012","2012","t","6000","E","Estimated value",""
"QCL","Crops and livestock products","728","South Sudan","5312","Area harvested","01701","Beans, dry","2013","2013","ha","1500","E","Estimated value",""
"QCL","Crops and livestock products","728","South Sudan","5412","Yield","01701","Beans, dry","2013","2013","kg/ha","3533.3","E","Estimated value",""
"QCL","Crops and livestock products","728","South Sudan","5510","Production","01701","Beans, dry","2013","2013","t","5300","E","Estimated value",""
"QCL","Crops and livestock products","728","South Sudan","5312","Area harvested","01701","Beans, dry","2014","2014","ha","1340","E","Estimated value",""
"QCL","Crops and livestock products","728","South Sudan","5412","Yield","01701","Beans, dry","2014","2014","kg/ha","3089.6","E","Estimated value",""
"QCL","Crops and livestock products","728","South Sudan","5510","Production","01701","Beans, dry","2014","2014","t","4140","E","Estimated value",""
"QCL","Crops and livestock products","728","South Sudan","5312","Area harvested","01701","Beans, dry","2015","2015","ha","1034","I","Value imputed by a receiving agency",""
"QCL","Crops and livestock products","728","South Sudan","5412","Yield","01701","Beans, dry","2015","2015","kg/ha","3037","E","Estimated value",""
"QCL","Crops and livestock products","728","South Sudan","5510","Production","01701","Beans, dry","2015","2015","t","3140.67","I","Value imputed by a receiving agency",""
"QCL","Crops and livestock products","728","South Sudan","5312","Area harvested","01701","Beans, dry","2016","2016","ha","1291","E","Estimated value",""
"QCL","Crops and livestock products","728","South Sudan","5412","Yield","01701","Beans, dry","2016","2016","kg/ha","3247.4","E","Estimated value",""
"QCL","Crops and livestock products","728","South Sudan","5510","Production","01701","Beans, dry","2016","2016","t","4193.56","E","Estimated value",""
"QCL","Crops and livestock products","728","South Sudan","5312","Area harvested","01701","Beans, dry","2017","2017","ha","1222","E","Estimated value",""
"QCL","Crops and livestock products","728","South Sudan","5412","Yield","01701","Beans, dry","2017","2017","kg/ha","3130.3","E","Estimated value",""
"QCL","Crops and livestock products","728","South Sudan","5510","Production","01701","Beans, dry","2017","2017","t","3824.74","E","Estimated value",""
"QCL","Crops and livestock products","728","South Sudan","5312","Area harvested","01701","Beans, dry","2018","2018","ha","1211","I","Value imputed by a receiving agency",""
"QCL","Crops and livestock products","728","South Sudan","5412","Yield","01701","Beans, dry","2018","2018","kg/ha","3052.9","E","Estimated value",""
"QCL","Crops and livestock products","728","South Sudan","5510","Production","01701","Beans, dry","2018","2018","t","3698.05","I","Value imputed by a receiving agency",""
"QCL","Crops and livestock products","728","South Sudan","5312","Area harvested","01701","Beans, dry","2019","2019","ha","1242","E","Estimated value",""
"QCL","Crops and livestock products","728","South Sudan","5412","Yield","01701","Beans, dry","2019","2019","kg/ha","3145.7","E","Estimated value",""
"QCL","Crops and livestock products","728","South Sudan","5510","Production","01701","Beans, dry","2019","2019","t","3905.45","E","Estimated value",""
"QCL","Crops and livestock products","728","South Sudan","5312","Area harvested","01701","Beans, dry","2020","2020","ha","1225","E","Estimated value",""
"QCL","Crops and livestock products","728","South Sudan","5412","Yield","01701","Beans, dry","2020","2020","kg/ha","3216.3","E","Estimated value",""
"QCL","Crops and livestock products","728","South Sudan","5510","Production","01701","Beans, dry","2020","2020","t","3939.63","I","Value imputed by a receiving agency",""
"QCL","Crops and livestock products","728","South Sudan","5312","Area harvested","01701","Beans, dry","2021","2021","ha","1226","E","Estimated value",""
"QCL","Crops and livestock products","728","South Sudan","5412","Yield","01701","Beans, dry","2021","2021","kg/ha","3138.6","E","Estimated value",""
"QCL","Crops and livestock products","728","South Sudan","5510","Production","01701","Beans, dry","2021","2021","t","3847.71","E","Estimated value",""
"QCL","Crops and livestock products","728","South Sudan","5312","Area harvested","01701","Beans, dry","2022","2022","ha","1231","E","Estimated value",""
"QCL","Crops and livestock products","728","South Sudan","5412","Yield","01701","Beans, dry","2022","2022","kg/ha","3166.8","E","Estimated value",""
"QCL","Crops and livestock products","728","South Sudan","5510","Production","01701","Beans, dry","2022","2022","t","3897.6","E","Estimated value",""
"QCL","Crops and livestock products","728","South Sudan","5312","Area harvested","01701","Beans, dry","2023","2023","ha","1227","E","Estimated value",""
"QCL","Crops and livestock products","728","South Sudan","5412","Yield","01701","Beans, dry","2023","2023","kg/ha","3173.9","E","Estimated value",""
"QCL","Crops and livestock products","728","South Sudan","5510","Production","01701","Beans, dry","2023","2023","t","3894.98","E","Estimated value",""
"QCL","Crops and livestock products","728","South Sudan","5312","Area harvested","01701","Beans, dry","2024","2024","ha","1228","E","Estimated value",""
"QCL","Crops and livestock products","728","South Sudan","5412","Yield","01701","Beans, dry","2024","2024","kg/ha","3159.8","E","Estimated value",""
"QCL","Crops and livestock products","728","South Sudan","5510","Production","01701","Beans, dry","2024","2024","t","3880.1","E","Estimated value",""
"QCL","Crops and livestock products","728","South Sudan","5312","Area harvested","01229","Cantaloupes and other melons","2012","2012","ha","2000","E","Estimated value",""
"QCL","Crops and livestock products","728","South Sudan","5412","Yield","01229","Cantaloupes and other melons","2012","2012","kg/ha","23000","E","Estimated value",""
"QCL","Crops and livestock products","728","South Sudan","5510","Production","01229","Cantaloupes and other melons","2012","2012","t","46000","E","Estimated value",""
"QCL","Crops and livestock products","728","South Sudan","5312","Area harvested","01229","Cantaloupes and other melons","2013","2013","ha","2200","E","Estimated value",""
"QCL","Crops and livestock products","728","South Sudan","5412","Yield","01229","Cantaloupes and other melons","2013","2013","kg/ha","22727.3","E","Estimated value",""
"QCL","Crops and livestock products","728","South Sudan","5510","Production","01229","Cantaloupes and other melons","2013","2013","t","50000","E","Estimated value",""
"QCL","Crops and livestock products","728","South Sudan","5312","Area harvested","01229","Cantaloupes and other melons","2014","2014","ha","2300","E","Estimated value",""
"QCL","Crops and livestock products","728","South Sudan","5412","Yield","01229","Cantaloupes and other melons","2014","2014","kg/ha","22608.7","E","Estimated value",""
"QCL","Crops and livestock products","728","South Sudan","5510","Production","01229","Cantaloupes and other melons","2014","2014","t","52000","E","Estimated value",""
"QCL","Crops and livestock products","728","South Sudan","5312","Area harvested","01229","Cantaloupes and other melons","2015","2015","ha","2412","I","Value imputed by a receiving agency",""
"QCL","Crops and livestock products","728","South Sudan","5412","Yield","01229","Cantaloupes and other melons","2015","2015","kg/ha","22486.2","E","Estimated value",""
"QCL","Crops and livestock products","728","South Sudan","5510","Production","01229","Cantaloupes and other melons","2015","2015","t","54247.5","I","Value imputed by a receiving agency",""
"QCL","Crops and livestock products","728","South Sudan","5312","Area harvested","01229","Cantaloupes and other melons","2016","2016","ha","2304","E","Estimated value",""
"QCL","Crops and livestock products","728","South Sudan","5412","Yield","01229","Cantaloupes and other melons","2016","2016","kg/ha","22603.7","E","Estimated value",""
"QCL","Crops and livestock products","728","South Sudan","5510","Production","01229","Cantaloupes and other melons","2016","2016","t","52082.5","E","Estimated value",""
"QCL","Crops and livestock products","728","South Sudan","5312","Area harvested","01229","Cantaloupes and other melons","2017","2017","ha","2379","I","Value imputed by a receiving agency",""
"QCL","Crops and livestock products","728","South Sudan","5412","Yield","01229","Cantaloupes and other melons","2017","2017","kg/ha","22570.8","E","Estimated value",""
"QCL","Crops and livestock products","728","South Sudan","5510","Production","01229","Cantaloupes and other melons","2017","2017","t","53687.11","I","Value imputed by a receiving agency",""
"QCL","Crops and livestock products","728","South Sudan","5312","Area harvested","01229","Cantaloupes and other melons","2018","2018","ha","2423","I","Value imputed by a receiving agency",""
"QCL","Crops and livestock products","728","South Sudan","5412","Yield","01229","Cantaloupes and other melons","2018","2018","kg/ha","22511.2","E","Estimated value",""
"QCL","Crops and livestock products","728","South Sudan","5510","Production","01229","Cantaloupes and other melons","2018","2018","t","54555.4","I","Value imputed by a receiving agency",""
"QCL","Crops and livestock products","728","South Sudan","5312","Area harvested","01229","Cantaloupes and other melons","2019","2019","ha","2463","I","Value imputed by a receiving agency",""
"QCL","Crops and livestock products","728","South Sudan","5412","Yield","01229","Cantaloupes and other melons","2019","2019","kg/ha","22454.8","E","Estimated value",""
"QCL","Crops and livestock products","728","South Sudan","5510","Production","01229","Cantaloupes and other melons","2019","2019","t","55297.56","I","Value imputed by a receiving agency",""
"QCL","Crops and livestock products","728","South Sudan","5312","Area harvested","01229","Cantaloupes and other melons","2020","2020","ha","2500","I","Value imputed by a receiving agency",""
"QCL","Crops and livestock products","728","South Sudan","5412","Yield","01229","Cantaloupes and other melons","2020","2020","kg/ha","22402.1","E","Estimated value",""
"QCL","Crops and livestock products","728","South Sudan","5510","Production","01229","Cantaloupes and other melons","2020","2020","t","56004.14","I","Value imputed by a receiving agency",""
"QCL","Crops and livestock products","728","South Sudan","5312","Area harvested","01229","Cantaloupes and other melons","2021","2021","ha","2462","E","Estimated value",""
"QCL","Crops and livestock products","728","South Sudan","5412","Yield","01229","Cantaloupes and other melons","2021","2021","kg/ha","22455.5","E","Estimated value",""
"QCL","Crops and livestock products","728","South Sudan","5510","Production","01229","Cantaloupes and other melons","2021","2021","t","55285.7","E","Estimated value",""
"QCL","Crops and livestock products","728","South Sudan","5312","Area harvested","01229","Cantaloupes and other melons","2022","2022","ha","2475","E","Estimated value",""
"QCL","Crops and livestock products","728","South Sudan","5412","Yield","01229","Cantaloupes and other melons","2022","2022","kg/ha","22437.3","E","Estimated value",""
"QCL","Crops and livestock products","728","South Sudan","5510","Production","01229","Cantaloupes and other melons","2022","2022","t","55529.13","E","Estimated value",""
"QCL","Crops and livestock products","728","South Sudan","5312","Area harvested","01229","Cantaloupes and other melons","2023","2023","ha","2479","E","Estimated value",""
"QCL","Crops and livestock products","728","South Sudan","5412","Yield","01229","Cantaloupes and other melons","2023","2023","kg/ha","22431.5","E","Estimated value",""
"QCL","Crops and livestock products","728","South Sudan","5510","Production","01229","Cantaloupes and other melons","2023","2023","t","55606.32","E","Estimated value",""
"QCL","Crops and livestock products","728","South Sudan","5312","Area harvested","01229","Cantaloupes and other melons","2024","2024","ha","2472","E","Estimated value",""
"QCL","Crops and livestock products","728","South Sudan","5412","Yield","01229","Cantaloupes and other melons","2024","2024","kg/ha","22441.4","E","Estimated value",""
"QCL","Crops and livestock products","728","South Sudan","5510","Production","01229","Cantaloupes and other melons","2024","2024","t","55473.72","E","Estimated value",""
"QCL","Crops and livestock products","728","South Sudan","5312","Area harvested","01520.01","Cassava, fresh","2012","2012","ha","78000","X","Value from external organization","Unofficial figure"
"QCL","Crops and livestock products","728","South Sudan","5412","Yield","01520.01","Cassava, fresh","2012","2012","kg/ha","12820.5","E","Estimated value",""
"QCL","Crops and livestock products","728","South Sudan","5510","Production","01520.01","Cassava, fresh","2012","2012","t","1000000","E","Estimated value",""
"QCL","Crops and livestock products","728","South Sudan","5312","Area harvested","01520.01","Cassava, fresh","2013","2013","ha","82000","X","Value from external organization","Unofficial figure"
"QCL","Crops and livestock products","728","South Sudan","5412","Yield","01520.01","Cassava, fresh","2013","2013","kg/ha","1524.4","X","Value from external organization",""
"QCL","Crops and livestock products","728","South Sudan","5510","Production","01520.01","Cassava, fresh","2013","2013","t","125000","X","Value from external organization","Unofficial figure"
"QCL","Crops and livestock products","728","South Sudan","5312","Area harvested","01520.01","Cassava, fresh","2014","2014","ha","84735","I","Value imputed by a receiving agency",""
"QCL","Crops and livestock products","728","South Sudan","5412","Yield","01520.01","Cassava, fresh","2014","2014","kg/ha","4107.3","E","Estimated value",""
"QCL","Crops and livestock products","728","South Sudan","5510","Production","01520.01","Cassava, fresh","2014","2014","t","348028.42","I","Value imputed by a receiving agency",""
"QCL","Crops and livestock products","728","South Sudan","5312","Area harvested","01520.01","Cassava, fresh","2015","2015","ha","75910","A","Official value",""
"QCL","Crops and livestock products","728","South Sudan","5412","Yield","01520.01","Cassava, fresh","2015","2015","kg/ha","14742.5","A","Official value",""
"QCL","Crops and livestock products","728","South Sudan","5510","Production","01520.01","Cassava, fresh","2015","2015","t","1119100","A","Official value",""
"QCL","Crops and livestock products","728","South Sudan","5312","Area harvested","01520.01","Cassava, fresh","2016","2016","ha","75910","A","Official value",""
"QCL","Crops and livestock products","728","South Sudan","5412","Yield","01520.01","Cassava, fresh","2016","2016","kg/ha","14780.9","A","Official value",""
"QCL","Crops and livestock products","728","South Sudan","5510","Production","01520.01","Cassava, fresh","2016","2016","t","1122020","A","Official value",""
"QCL","Crops and livestock products","728","South Sudan","5312","Area harvested","01520.01","Cassava, fresh","2017","2017","ha","73110","A","Official value",""
"QCL","Crops and livestock products","728","South Sudan","5412","Yield","01520.01","Cassava, fresh","2017","2017","kg/ha","14444.3","A","Official value",""
"QCL","Crops and livestock products","728","South Sudan","5510","Production","01520.01","Cassava, fresh","2017","2017","t","1056020","A","Official value",""
"QCL","Crops and livestock products","728","South Sudan","5312","Area harvested","01520.01","Cassava, fresh","2018","2018","ha","87460","A","Official value",""
"QCL","Crops and livestock products","728","South Sudan","5412","Yield","01520.01","Cassava, fresh","2018","2018","kg/ha","14349","A","Official value",""
"QCL","Crops and livestock products","728","South Sudan","5510","Production","01520.01","Cassava, fresh","2018","2018","t","1254960","A","Official value",""
"QCL","Crops and livestock products","728","South Sudan","5312","Area harvested","01520.01","Cassava, fresh","2019","2019","ha","91370","A","Official value",""
"QCL","Crops and livestock products","728","South Sudan","5412","Yield","01520.01","Cassava, fresh","2019","2019","kg/ha","15207","A","Official value",""
"QCL","Crops and livestock products","728","South Sudan","5510","Production","01520.01","Cassava, fresh","2019","2019","t","1389460","A","Official value",""
"QCL","Crops and livestock products","728","South Sudan","5312","Area harvested","01520.01","Cassava, fresh","2020","2020","ha","92575","A","Official value",""
"QCL","Crops and livestock products","728","South Sudan","5412","Yield","01520.01","Cassava, fresh","2020","2020","kg/ha","15394.8","A","Official value",""
"QCL","Crops and livestock products","728","South Sudan","5510","Production","01520.01","Cassava, fresh","2020","2020","t","1425169","A","Official value",""
"QCL","Crops and livestock products","728","South Sudan","5312","Area harvested","01520.01","Cassava, fresh","2021","2021","ha","99347","A","Official value",""
"QCL","Crops and livestock products","728","South Sudan","5412","Yield","01520.01","Cassava, fresh","2021","2021","kg/ha","15094.7","A","Official value",""
"QCL","Crops and livestock products","728","South Sudan","5510","Production","01520.01","Cassava, fresh","2021","2021","t","1499611","A","Official value",""
"QCL","Crops and livestock products","728","South Sudan","5312","Area harvested","01520.01","Cassava, fresh","2022","2022","ha","99347","A","Official value",""
"QCL","Crops and livestock products","728","South Sudan","5412","Yield","01520.01","Cassava, fresh","2022","2022","kg/ha","16101.3","A","Official value",""
"QCL","Crops and livestock products","728","South Sudan","5510","Production","01520.01","Cassava, fresh","2022","2022","t","1599611","A","Official value",""
"QCL","Crops and livestock products","728","South Sudan","5312","Area harvested","01520.01","Cassava, fresh","2023","2023","ha","96249","I","Value imputed by a receiving agency",""
"QCL","Crops and livestock products","728","South Sudan","5412","Yield","01520.01","Cassava, fresh","2023","2023","kg/ha","17016.5","E","Estimated value",""
"QCL","Crops and livestock products","728","South Sudan","5510","Production","01520.01","Cassava, fresh","2023","2023","t","1637822.31","I","Value imputed by a receiving agency",""
"QCL","Crops and livestock products","728","South Sudan","5312","Area harvested","01520.01","Cassava, fresh","2024","2024","ha","95885","I","Value imputed by a receiving agency",""
"QCL","Crops and livestock products","728","South Sudan","5412","Yield","01520.01","Cassava, fresh","2024","2024","kg/ha","17828.6","E","Estimated value",""
"QCL","Crops and livestock products","728","South Sudan","5510","Production","01520.01","Cassava, fresh","2024","2024","t","1709494.49","I","Value imputed by a receiving agency",""
"QCL","Crops and livestock products","728","South Sudan","5312","Area harvested","01652","Chillies and peppers, dry (Capsicum spp., Pimenta spp.), raw","2012","2012","ha","2500","E","Estimated value",""
"QCL","Crops and livestock products","728","South Sudan","5412","Yield","01652","Chillies and peppers, dry (Capsicum spp., Pimenta spp.), raw","2012","2012","kg/ha","2000","E","Estimated value",""
"QCL","Crops and livestock products","728","South Sudan","5510","Production","01652","Chillies and peppers, dry (Capsicum spp., Pimenta spp.), raw","2012","2012","t","5000","E","Estimated value",""
"QCL","Crops and livestock products","728","South Sudan","5312","Area harvested","01652","Chillies and peppers, dry (Capsicum spp., Pimenta spp.), raw","2013","2013","ha","3000","E","Estimated value",""
"QCL","Crops and livestock products","728","South Sudan","5412","Yield","01652","Chillies and peppers, dry (Capsicum spp., Pimenta spp.), raw","2013","2013","kg/ha","2000","E","Estimated value",""
"QCL","Crops and livestock products","728","South Sudan","5510","Production","01652","Chillies and peppers, dry (Capsicum spp., Pimenta spp.), raw","2013","2013","t","6000","E","Estimated value",""
"QCL","Crops and livestock products","728","South Sudan","5312","Area harvested","01652","Chillies and peppers, dry (Capsicum spp., Pimenta spp.), raw","2014","2014","ha","3500","E","Estimated value",""
"QCL","Crops and livestock products","728","South Sudan","5412","Yield","01652","Chillies and peppers, dry (Capsicum spp., Pimenta spp.), raw","2014","2014","kg/ha","1857.1","E","Estimated value",""
"QCL","Crops and livestock products","728","South Sudan","5510","Production","01652","Chillies and peppers, dry (Capsicum spp., Pimenta spp.), raw","2014","2014","t","6500","E","Estimated value",""
"QCL","Crops and livestock products","728","South Sudan","5312","Area harvested","01652","Chillies and peppers, dry (Capsicum spp., Pimenta spp.), raw","2015","2015","ha","4794","I","Value imputed by a receiving agency",""
"QCL","Crops and livestock products","728","South Sudan","5412","Yield","01652","Chillies and peppers, dry (Capsicum spp., Pimenta spp.), raw","2015","2015","kg/ha","1483","E","Estimated value",""
"QCL","Crops and livestock products","728","South Sudan","5510","Production","01652","Chillies and peppers, dry (Capsicum spp., Pimenta spp.), raw","2015","2015","t","7108.91","I","Value imputed by a receiving agency",""
"QCL","Crops and livestock products","728","South Sudan","5312","Area harvested","01652","Chillies and peppers, dry (Capsicum spp., Pimenta spp.), raw","2016","2016","ha","3765","E","Estimated value",""
"QCL","Crops and livestock products","728","South Sudan","5412","Yield","01652","Chillies and peppers, dry (Capsicum spp., Pimenta spp.), raw","2016","2016","kg/ha","1736.3","E","Estimated value",""
"QCL","Crops and livestock products","728","South Sudan","5510","Production","01652","Chillies and peppers, dry (Capsicum spp., Pimenta spp.), raw","2016","2016","t","6536.3","E","Estimated value",""
"QCL","Crops and livestock products","728","South Sudan","5312","Area harvested","01652","Chillies and peppers, dry (Capsicum spp., Pimenta spp.), raw","2017","2017","ha","4059","I","Value imputed by a receiving agency",""
"QCL","Crops and livestock products","728","South Sudan","5412","Yield","01652","Chillies and peppers, dry (Capsicum spp., Pimenta spp.), raw","2017","2017","kg/ha","1671.6","E","Estimated value",""
"QCL","Crops and livestock products","728","South Sudan","5510","Production","01652","Chillies and peppers, dry (Capsicum spp., Pimenta spp.), raw","2017","2017","t","6785.53","I","Value imputed by a receiving agency",""
"QCL","Crops and livestock products","728","South Sudan","5312","Area harvested","01652","Chillies and peppers, dry (Capsicum spp., Pimenta spp.), raw","2018","2018","ha","4298","I","Value imputed by a receiving agency",""
"QCL","Crops and livestock products","728","South Sudan","5412","Yield","01652","Chillies and peppers, dry (Capsicum spp., Pimenta spp.), raw","2018","2018","kg/ha","1600.5","E","Estimated value",""
"QCL","Crops and livestock products","728","South Sudan","5510","Production","01652","Chillies and peppers, dry (Capsicum spp., Pimenta spp.), raw","2018","2018","t","6878.65","I","Value imputed by a receiving agency",""
"QCL","Crops and livestock products","728","South Sudan","5312","Area harvested","01652","Chillies and peppers, dry (Capsicum spp., Pimenta spp.), raw","2019","2019","ha","4041","E","Estimated value",""
"QCL","Crops and livestock products","728","South Sudan","5412","Yield","01652","Chillies and peppers, dry (Capsicum spp., Pimenta spp.), raw","2019","2019","kg/ha","1741.8","E","Estimated value",""
"QCL","Crops and livestock products","728","South Sudan","5510","Production","01652","Chillies and peppers, dry (Capsicum spp., Pimenta spp.), raw","2019","2019","t","7038.04","I","Value imputed by a receiving agency",""
"QCL","Crops and livestock products","728","South Sudan","5312","Area harvested","01652","Chillies and peppers, dry (Capsicum spp., Pimenta spp.), raw","2020","2020","ha","4291","I","Value imputed by a receiving agency",""
"QCL","Crops and livestock products","728","South Sudan","5412","Yield","01652","Chillies and peppers, dry (Capsicum spp., Pimenta spp.), raw","2020","2020","kg/ha","1675.9","E","Estimated value",""
"QCL","Crops and livestock products","728","South Sudan","5510","Production","01652","Chillies and peppers, dry (Capsicum spp., Pimenta spp.), raw","2020","2020","t","7191.86","I","Value imputed by a receiving agency",""
"QCL","Crops and livestock products","728","South Sudan","5312","Area harvested","01652","Chillies and peppers, dry (Capsicum spp., Pimenta spp.), raw","2021","2021","ha","4210","E","Estimated value",""
"QCL","Crops and livestock products","728","South Sudan","5412","Yield","01652","Chillies and peppers, dry (Capsicum spp., Pimenta spp.), raw","2021","2021","kg/ha","1671.3","E","Estimated value",""
"QCL","Crops and livestock products","728","South Sudan","5510","Production","01652","Chillies and peppers, dry (Capsicum spp., Pimenta spp.), raw","2021","2021","t","7036.18","E","Estimated value",""
"QCL","Crops and livestock products","728","South Sudan","5312","Area harvested","01652","Chillies and peppers, dry (Capsicum spp., Pimenta spp.), raw","2022","2022","ha","4181","E","Estimated value",""
"QCL","Crops and livestock products","728","South Sudan","5412","Yield","01652","Chillies and peppers, dry (Capsicum spp., Pimenta spp.), raw","2022","2022","kg/ha","1695.6","E","Estimated value",""
"QCL","Crops and livestock products","728","South Sudan","5510","Production","01652","Chillies and peppers, dry (Capsicum spp., Pimenta spp.), raw","2022","2022","t","7088.69","E","Estimated value",""
"QCL","Crops and livestock products","728","South Sudan","5312","Area harvested","01652","Chillies and peppers, dry (Capsicum spp., Pimenta spp.), raw","2023","2023","ha","4227","E","Estimated value",""
"QCL","Crops and livestock products","728","South Sudan","5412","Yield","01652","Chillies and peppers, dry (Capsicum spp., Pimenta spp.), raw","2023","2023","kg/ha","1680.8","E","Estimated value",""
"QCL","Crops and livestock products","728","South Sudan","5510","Production","01652","Chillies and peppers, dry (Capsicum spp., Pimenta spp.), raw","2023","2023","t","7105.58","E","Estimated value",""
"QCL","Crops and livestock products","728","South Sudan","5312","Area harvested","01652","Chillies and peppers, dry (Capsicum spp., Pimenta spp.), raw","2024","2024","ha","4206","E","Estimated value",""
"QCL","Crops and livestock products","728","South Sudan","5412","Yield","01652","Chillies and peppers, dry (Capsicum spp., Pimenta spp.), raw","2024","2024","kg/ha","1682.5","E","Estimated value",""
"QCL","Crops and livestock products","728","South Sudan","5510","Production","01652","Chillies and peppers, dry (Capsicum spp., Pimenta spp.), raw","2024","2024","t","7076.82","E","Estimated value",""
"QCL","Crops and livestock products","728","South Sudan","5510","Production","01921.02","Cotton lint, ginned","2012","2012","t","","M","Missing value; data cannot exist",""
"QCL","Crops and livestock products","728","South Sudan","5510","Production","01921.02","Cotton lint, ginned","2013","2013","t","","M","Missing value; data cannot exist",""
"QCL","Crops and livestock products","728","South Sudan","5510","Production","01921.02","Cotton lint, ginned","2014","2014","t","","M","Missing value; data cannot exist",""
"QCL","Crops and livestock products","728","South Sudan","5510","Production","01921.02","Cotton lint, ginned","2015","2015","t","","M","Missing value; data cannot exist",""
"QCL","Crops and livestock products","728","South Sudan","5510","Production","01921.02","Cotton lint, ginned","2016","2016","t","","M","Missing value; data cannot exist",""
"QCL","Crops and livestock products","728","South Sudan","5510","Production","01921.02","Cotton lint, ginned","2017","2017","t","","M","Missing value; data cannot exist",""
"QCL","Crops and livestock products","728","South Sudan","5510","Production","01921.02","Cotton lint, ginned","2018","2018","t","","M","Missing value; data cannot exist",""
"QCL","Crops and livestock products","728","South Sudan","5510","Production","0143","Cotton seed","2012","2012","t","","M","Missing value; data cannot exist",""
"QCL","Crops and livestock products","728","South Sudan","5510","Production","0143","Cotton seed","2013","2013","t","","M","Missing value; data cannot exist",""
"QCL","Crops and livestock products","728","South Sudan","5510","Production","0143","Cotton seed","2014","2014","t","","M","Missing value; data cannot exist",""
"QCL","Crops and livestock products","728","South Sudan","5510","Production","0143","Cotton seed","2015","2015","t","","M","Missing value; data cannot exist",""
"QCL","Crops and livestock products","728","South Sudan","5510","Production","0143","Cotton seed","2016","2016","t","","M","Missing value; data cannot exist",""
"QCL","Crops and livestock products","728","South Sudan","5510","Production","0143","Cotton seed","2017","2017","t","","M","Missing value; data cannot exist",""
"QCL","Crops and livestock products","728","South Sudan","5510","Production","0143","Cotton seed","2018","2018","t","","M","Missing value; data cannot exist",""
"QCL","Crops and livestock products","728","South Sudan","5510","Production","2168","Cottonseed oil","2012","2012","t","","M","Missing value; data cannot exist",""
"QCL","Crops and livestock products","728","South Sudan","5510","Production","2168","Cottonseed oil","2013","2013","t","","M","Missing value; data cannot exist",""
"QCL","Crops and livestock products","728","South Sudan","5510","Production","2168","Cottonseed oil","2014","2014","t","","M","Missing value; data cannot exist",""
"QCL","Crops and livestock products","728","South Sudan","5510","Production","2168","Cottonseed oil","2015","2015","t","","M","Missing value; data cannot exist",""
"QCL","Crops and livestock products","728","South Sudan","5510","Production","2168","Cottonseed oil","2016","2016","t","","M","Missing value; data cannot exist",""
"QCL","Crops and livestock products","728","South Sudan","5510","Production","2168","Cottonseed oil","2017","2017","t","","M","Missing value; data cannot exist",""
"QCL","Crops and livestock products","728","South Sudan","5510","Production","2168","Cottonseed oil","2018","2018","t","","M","Missing value; data cannot exist",""
"QCL","Crops and livestock products","728","South Sudan","5510","Production","23913","Green tea (not fermented), black tea (fermented) and partly fermented tea, in immediate packings of a content not exceeding 3 kg","2019","2019","t","400","E","Estimated value",""
"QCL","Crops and livestock products","728","South Sudan","5510","Production","23913","Green tea (not fermented), black tea (fermented) and partly fermented tea, in immediate packings of a content not exceeding 3 kg","2020","2020","t","380","E","Estimated value",""
"QCL","Crops and livestock products","728","South Sudan","5510","Production","23913","Green tea (not fermented), black tea (fermented) and partly fermented tea, in immediate packings of a content not exceeding 3 kg","2021","2021","t","720","I","Value imputed by a receiving agency",""
"QCL","Crops and livestock products","728","South Sudan","5510","Production","23913","Green tea (not fermented), black tea (fermented) and partly fermented tea, in immediate packings of a content not exceeding 3 kg","2022","2022","t","199.2","I","Value imputed by a receiving agency",""
"QCL","Crops and livestock products","728","South Sudan","5510","Production","23913","Green tea (not fermented), black tea (fermented) and partly fermented tea, in immediate packings of a content not exceeding 3 kg","2023","2023","t","566.04","I","Value imputed by a receiving agency",""
"QCL","Crops and livestock products","728","South Sudan","5510","Production","2162","Groundnut oil","2012","2012","t","0","I","Value imputed by a receiving agency",""
"QCL","Crops and livestock products","728","South Sudan","5510","Production","2162","Groundnut oil","2013","2013","t","0","I","Value imputed by a receiving agency",""
"QCL","Crops and livestock products","728","South Sudan","5510","Production","2162","Groundnut oil","2014","2014","t","0","I","Value imputed by a receiving agency",""
"QCL","Crops and livestock products","728","South Sudan","5510","Production","2162","Groundnut oil","2015","2015","t","0","E","Estimated value",""
"QCL","Crops and livestock products","728","South Sudan","5510","Production","2162","Groundnut oil","2016","2016","t","0","E","Estimated value",""
"QCL","Crops and livestock products","728","South Sudan","5510","Production","2162","Groundnut oil","2017","2017","t","0","E","Estimated value",""
"QCL","Crops and livestock products","728","South Sudan","5510","Production","2162","Groundnut oil","2018","2018","t","0","E","Estimated value",""
"QCL","Crops and livestock products","728","South Sudan","5312","Area harvested","0142","Groundnuts, excluding shelled","2012","2012","ha","190000","X","Value from external organization","Unofficial figure"
"QCL","Crops and livestock products","728","South Sudan","5412","Yield","0142","Groundnuts, excluding shelled","2012","2012","kg/ha","552.6","X","Value from external organization",""
"QCL","Crops and livestock products","728","South Sudan","5510","Production","0142","Groundnuts, excluding shelled","2012","2012","t","105000","X","Value from external organization","Unofficial figure"
"QCL","Crops and livestock products","728","South Sudan","5312","Area harvested","0142","Groundnuts, excluding shelled","2013","2013","ha","226000","X","Value from external organization","Unofficial figure"
"QCL","Crops and livestock products","728","South Sudan","5412","Yield","0142","Groundnuts, excluding shelled","2013","2013","kg/ha","531","E","Estimated value",""
"QCL","Crops and livestock products","728","South Sudan","5510","Production","0142","Groundnuts, excluding shelled","2013","2013","t","120000","E","Estimated value",""
"QCL","Crops and livestock products","728","South Sudan","5312","Area harvested","0142","Groundnuts, excluding shelled","2014","2014","ha","235000","E","Estimated value",""
"QCL","Crops and livestock products","728","South Sudan","5412","Yield","0142","Groundnuts, excluding shelled","2014","2014","kg/ha","574.5","E","Estimated value",""
"QCL","Crops and livestock products","728","South Sudan","5510","Production","0142","Groundnuts, excluding shelled","2014","2014","t","135000","E","Estimated value",""
"QCL","Crops and livestock products","728","South Sudan","5312","Area harvested","0142","Groundnuts, excluding shelled","2015","2015","ha","134390","A","Official value",""
"QCL","Crops and livestock products","728","South Sudan","5412","Yield","0142","Groundnuts, excluding shelled","2015","2015","kg/ha","600","A","Official value",""
"QCL","Crops and livestock products","728","South Sudan","5510","Production","0142","Groundnuts, excluding shelled","2015","2015","t","80634","A","Official value",""
"QCL","Crops and livestock products","728","South Sudan","5312","Area harvested","0142","Groundnuts, excluding shelled","2016","2016","ha","118500","A","Official value",""
"QCL","Crops and livestock products","728","South Sudan","5412","Yield","0142","Groundnuts, excluding shelled","2016","2016","kg/ha","600","A","Official value",""
"QCL","Crops and livestock products","728","South Sudan","5510","Production","0142","Groundnuts, excluding shelled","2016","2016","t","71100","A","Official value",""
"QCL","Crops and livestock products","728","South Sudan","5312","Area harvested","0142","Groundnuts, excluding shelled","2017","2017","ha","117900","A","Official value",""
"QCL","Crops and livestock products","728","South Sudan","5412","Yield","0142","Groundnuts, excluding shelled","2017","2017","kg/ha","562","A","Official value",""
"QCL","Crops and livestock products","728","South Sudan","5510","Production","0142","Groundnuts, excluding shelled","2017","2017","t","66256","A","Official value",""
"QCL","Crops and livestock products","728","South Sudan","5312","Area harvested","0142","Groundnuts, excluding shelled","2018","2018","ha","161650","A","Official value",""
"QCL","Crops and livestock products","728","South Sudan","5412","Yield","0142","Groundnuts, excluding shelled","2018","2018","kg/ha","586.5","A","Official value",""
"QCL","Crops and livestock products","728","South Sudan","5510","Production","0142","Groundnuts, excluding shelled","2018","2018","t","94800","A","Official value",""
"QCL","Crops and livestock products","728","South Sudan","5312","Area harvested","0142","Groundnuts, excluding shelled","2019","2019","ha","207632","A","Official value",""
"QCL","Crops and livestock products","728","South Sudan","5412","Yield","0142","Groundnuts, excluding shelled","2019","2019","kg/ha","694.3","A","Official value",""
"QCL","Crops and livestock products","728","South Sudan","5510","Production","0142","Groundnuts, excluding shelled","2019","2019","t","144151","A","Official value",""
"QCL","Crops and livestock products","728","South Sudan","5312","Area harvested","0142","Groundnuts, excluding shelled","2020","2020","ha","224164","A","Official value",""
"QCL","Crops and livestock products","728","South Sudan","5412","Yield","0142","Groundnuts, excluding shelled","2020","2020","kg/ha","763.2","A","Official value",""
"QCL","Crops and livestock products","728","South Sudan","5510","Production","0142","Groundnuts, excluding shelled","2020","2020","t","171075","A","Official value",""
"QCL","Crops and livestock products","728","South Sudan","5312","Area harvested","0142","Groundnuts, excluding shelled","2021","2021","ha","265604","A","Official value",""
"QCL","Crops and livestock products","728","South Sudan","5412","Yield","0142","Groundnuts, excluding shelled","2021","2021","kg/ha","714.6","A","Official value",""
"QCL","Crops and livestock products","728","South Sudan","5510","Production","0142","Groundnuts, excluding shelled","2021","2021","t","189802","A","Official value",""
"QCL","Crops and livestock products","728","South Sudan","5312","Area harvested","0142","Groundnuts, excluding shelled","2022","2022","ha","275604","A","Official value",""
"QCL","Crops and livestock products","728","South Sudan","5412","Yield","0142","Groundnuts, excluding shelled","2022","2022","kg/ha","688.7","A","Official value",""
"QCL","Crops and livestock products","728","South Sudan","5510","Production","0142","Groundnuts, excluding shelled","2022","2022","t","189802","A","Official value",""
"QCL","Crops and livestock products","728","South Sudan","5312","Area harvested","0142","Groundnuts, excluding shelled","2023","2023","ha","266204","I","Value imputed by a receiving agency",""
"QCL","Crops and livestock products","728","South Sudan","5412","Yield","0142","Groundnuts, excluding shelled","2023","2023","kg/ha","709.7","E","Estimated value",""
"QCL","Crops and livestock products","728","South Sudan","5510","Production","0142","Groundnuts, excluding shelled","2023","2023","t","188929.84","I","Value imputed by a receiving agency",""
"QCL","Crops and livestock products","728","South Sudan","5312","Area harvested","0142","Groundnuts, excluding shelled","2024","2024","ha","268466","I","Value imputed by a receiving agency",""
"QCL","Crops and livestock products","728","South Sudan","5412","Yield","0142","Groundnuts, excluding shelled","2024","2024","kg/ha","739.1","E","Estimated value",""
"QCL","Crops and livestock products","728","South Sudan","5510","Production","0142","Groundnuts, excluding shelled","2024","2024","t","198419.52","I","Value imputed by a receiving agency",""
"QCL","Crops and livestock products","728","South Sudan","5312","Area harvested","01922.01","Jute, raw or retted","2012","2012","ha","1200","E","Estimated value",""
"QCL","Crops and livestock products","728","South Sudan","5412","Yield","01922.01","Jute, raw or retted","2012","2012","kg/ha","2500","E","Estimated value",""
"QCL","Crops and livestock products","728","South Sudan","5510","Production","01922.01","Jute, raw or retted","2012","2012","t","3000","E","Estimated value",""
"QCL","Crops and livestock products","728","South Sudan","5312","Area harvested","01922.01","Jute, raw or retted","2013","2013","ha","1300","E","Estimated value",""
"QCL","Crops and livestock products","728","South Sudan","5412","Yield","01922.01","Jute, raw or retted","2013","2013","kg/ha","2461.5","E","Estimated value",""
"QCL","Crops and livestock products","728","South Sudan","5510","Production","01922.01","Jute, raw or retted","2013","2013","t","3200","E","Estimated value",""
"QCL","Crops and livestock products","728","South Sudan","5312","Area harvested","01922.01","Jute, raw or retted","2014","2014","ha","1300","E","Estimated value",""
"QCL","Crops and livestock products","728","South Sudan","5412","Yield","01922.01","Jute, raw or retted","2014","2014","kg/ha","2538.5","E","Estimated value",""
"QCL","Crops and livestock products","728","South Sudan","5510","Production","01922.01","Jute, raw or retted","2014","2014","t","3300","E","Estimated value",""
"QCL","Crops and livestock products","728","South Sudan","5312","Area harvested","01922.01","Jute, raw or retted","2015","2015","ha","1400","E","Estimated value",""
"QCL","Crops and livestock products","728","South Sudan","5412","Yield","01922.01","Jute, raw or retted","2015","2015","kg/ha","2406.1","E","Estimated value",""
"QCL","Crops and livestock products","728","South Sudan","5510","Production","01922.01","Jute, raw or retted","2015","2015","t","3368.58","I","Value imputed by a receiving agency",""
"QCL","Crops and livestock products","728","South Sudan","5312","Area harvested","01922.01","Jute, raw or retted","2016","2016","ha","1400","E","Estimated value",""
"QCL","Crops and livestock products","728","South Sudan","5412","Yield","01922.01","Jute, raw or retted","2016","2016","kg/ha","2456.5","E","Estimated value",""
"QCL","Crops and livestock products","728","South Sudan","5510","Production","01922.01","Jute, raw or retted","2016","2016","t","3439.12","I","Value imputed by a receiving agency",""
"QCL","Crops and livestock products","728","South Sudan","5312","Area harvested","01922.01","Jute, raw or retted","2017","2017","ha","1500","E","Estimated value",""
"QCL","Crops and livestock products","728","South Sudan","5412","Yield","01922.01","Jute, raw or retted","2017","2017","kg/ha","2333.3","E","Estimated value",""
"QCL","Crops and livestock products","728","South Sudan","5510","Production","01922.01","Jute, raw or retted","2017","2017","t","3500","E","Estimated value",""
"QCL","Crops and livestock products","728","South Sudan","5312","Area harvested","01922.01","Jute, raw or retted","2018","2018","ha","1500","E","Estimated value",""
"QCL","Crops and livestock products","728","South Sudan","5412","Yield","01922.01","Jute, raw or retted","2018","2018","kg/ha","2333.3","E","Estimated value",""
"QCL","Crops and livestock products","728","South Sudan","5510","Production","01922.01","Jute, raw or retted","2018","2018","t","3500","E","Estimated value",""
"QCL","Crops and livestock products","728","South Sudan","5312","Area harvested","01922.01","Jute, raw or retted","2019","2019","ha","1500","E","Estimated value",""
"QCL","Crops and livestock products","728","South Sudan","5412","Yield","01922.01","Jute, raw or retted","2019","2019","kg/ha","2338.5","E","Estimated value",""
"QCL","Crops and livestock products","728","South Sudan","5510","Production","01922.01","Jute, raw or retted","2019","2019","t","3507.76","I","Value imputed by a receiving agency",""
"QCL","Crops and livestock products","728","South Sudan","5312","Area harvested","01922.01","Jute, raw or retted","2020","2020","ha","1500","E","Estimated value",""
"QCL","Crops and livestock products","728","South Sudan","5412","Yield","01922.01","Jute, raw or retted","2020","2020","kg/ha","2329.9","E","Estimated value",""
"QCL","Crops and livestock products","728","South Sudan","5510","Production","01922.01","Jute, raw or retted","2020","2020","t","3494.85","I","Value imputed by a receiving agency",""
"QCL","Crops and livestock products","728","South Sudan","5312","Area harvested","01922.01","Jute, raw or retted","2021","2021","ha","1600","E","Estimated value",""
"QCL","Crops and livestock products","728","South Sudan","5412","Yield","01922.01","Jute, raw or retted","2021","2021","kg/ha","2336.8","E","Estimated value",""
"QCL","Crops and livestock products","728","South Sudan","5510","Production","01922.01","Jute, raw or retted","2021","2021","t","3738.87","I","Value imputed by a receiving agency",""
"QCL","Crops and livestock products","728","South Sudan","5312","Area harvested","01922.01","Jute, raw or retted","2022","2022","ha","1602","I","Value imputed by a receiving agency",""
"QCL","Crops and livestock products","728","South Sudan","5412","Yield","01922.01","Jute, raw or retted","2022","2022","kg/ha","2348.9","E","Estimated value",""
"QCL","Crops and livestock products","728","South Sudan","5510","Production","01922.01","Jute, raw or retted","2022","2022","t","3762.21","I","Value imputed by a receiving agency",""
"QCL","Crops and livestock products","728","South Sudan","5312","Area harvested","01922.01","Jute, raw or retted","2023","2023","ha","1591","I","Value imputed by a receiving agency",""
"QCL","Crops and livestock products","728","South Sudan","5412","Yield","01922.01","Jute, raw or retted","2023","2023","kg/ha","2343.5","E","Estimated value",""
"QCL","Crops and livestock products","728","South Sudan","5510","Production","01922.01","Jute, raw or retted","2023","2023","t","3728.47","I","Value imputed by a receiving agency",""
"QCL","Crops and livestock products","728","South Sudan","5312","Area harvested","01922.01","Jute, raw or retted","2024","2024","ha","1596","I","Value imputed by a receiving agency",""
"QCL","Crops and livestock products","728","South Sudan","5412","Yield","01922.01","Jute, raw or retted","2024","2024","kg/ha","2338","E","Estimated value",""
"QCL","Crops and livestock products","728","South Sudan","5510","Production","01922.01","Jute, raw or retted","2024","2024","t","3732.37","I","Value imputed by a receiving agency",""
"QCL","Crops and livestock products","728","South Sudan","5312","Area harvested","0112","Maize (corn)","2012","2012","ha","286000","X","Value from external organization","Unofficial figure"
"QCL","Crops and livestock products","728","South Sudan","5412","Yield","0112","Maize (corn)","2012","2012","kg/ha","461.5","X","Value from external organization",""
"QCL","Crops and livestock products","728","South Sudan","5510","Production","0112","Maize (corn)","2012","2012","t","132000","X","Value from external organization","Unofficial figure"
"QCL","Crops and livestock products","728","South Sudan","5312","Area harvested","0112","Maize (corn)","2013","2013","ha","322000","X","Value from external organization","Unofficial figure"
"QCL","Crops and livestock products","728","South Sudan","5412","Yield","0112","Maize (corn)","2013","2013","kg/ha","531.1","X","Value from external organization",""
"QCL","Crops and livestock products","728","South Sudan","5510","Production","0112","Maize (corn)","2013","2013","t","171000","X","Value from external organization","Unofficial figure"
"QCL","Crops and livestock products","728","South Sudan","5312","Area harvested","0112","Maize (corn)","2014","2014","ha","278000","X","Value from external organization","Unofficial figure"
"QCL","Crops and livestock products","728","South Sudan","5412","Yield","0112","Maize (corn)","2014","2014","kg/ha","964","X","Value from external organization",""
"QCL","Crops and livestock products","728","South Sudan","5510","Production","0112","Maize (corn)","2014","2014","t","268000","X","Value from external organization","Unofficial figure"
"QCL","Crops and livestock products","728","South Sudan","5312","Area harvested","0112","Maize (corn)","2015","2015","ha","202344","A","Official value",""
"QCL","Crops and livestock products","728","South Sudan","5412","Yield","0112","Maize (corn)","2015","2015","kg/ha","907.3","A","Official value",""
"QCL","Crops and livestock products","728","South Sudan","5510","Production","0112","Maize (corn)","2015","2015","t","183589","A","Official value",""
"QCL","Crops and livestock products","728","South Sudan","5312","Area harvested","0112","Maize (corn)","2016","2016","ha","187248","A","Official value",""
"QCL","Crops and livestock products","728","South Sudan","5412","Yield","0112","Maize (corn)","2016","2016","kg/ha","879.1","A","Official value",""
"QCL","Crops and livestock products","728","South Sudan","5510","Production","0112","Maize (corn)","2016","2016","t","164613","A","Official value",""
"QCL","Crops and livestock products","728","South Sudan","5312","Area harvested","0112","Maize (corn)","2017","2017","ha","172068","A","Official value",""
"QCL","Crops and livestock products","728","South Sudan","5412","Yield","0112","Maize (corn)","2017","2017","kg/ha","885.2","A","Official value",""
"QCL","Crops and livestock products","728","South Sudan","5510","Production","0112","Maize (corn)","2017","2017","t","152314","A","Official value",""
"QCL","Crops and livestock products","728","South Sudan","5312","Area harvested","0112","Maize (corn)","2018","2018","ha","176014","A","Official value",""
"QCL","Crops and livestock products","728","South Sudan","5412","Yield","0112","Maize (corn)","2018","2018","kg/ha","850","A","Official value",""
"QCL","Crops and livestock products","728","South Sudan","5510","Production","0112","Maize (corn)","2018","2018","t","149611","A","Official value",""
"QCL","Crops and livestock products","728","South Sudan","5312","Area harvested","0112","Maize (corn)","2019","2019","ha","192416","A","Official value",""
"QCL","Crops and livestock products","728","South Sudan","5412","Yield","0112","Maize (corn)","2019","2019","kg/ha","880.5","A","Official value",""
"QCL","Crops and livestock products","728","South Sudan","5510","Production","0112","Maize (corn)","2019","2019","t","169427","A","Official value",""
"QCL","Crops and livestock products","728","South Sudan","5312","Area harvested","0112","Maize (corn)","2020","2020","ha","204597","A","Official value",""
"QCL","Crops and livestock products","728","South Sudan","5412","Yield","0112","Maize (corn)","2020","2020","kg/ha","884.7","A","Official value",""
"QCL","Crops and livestock products","728","South Sudan","5510","Production","0112","Maize (corn)","2020","2020","t","181003","A","Official value",""
"QCL","Crops and livestock products","728","South Sudan","5312","Area harvested","0112","Maize (corn)","2021","2021","ha","207714","A","Official value",""
"QCL","Crops and livestock products","728","South Sudan","5412","Yield","0112","Maize (corn)","2021","2021","kg/ha","844.7","A","Official value",""
"QCL","Crops and livestock products","728","South Sudan","5510","Production","0112","Maize (corn)","2021","2021","t","175454","A","Official value",""
"QCL","Crops and livestock products","728","South Sudan","5312","Area harvested","0112","Maize (corn)","2022","2022","ha","220000","A","Official value",""
"QCL","Crops and livestock products","728","South Sudan","5412","Yield","0112","Maize (corn)","2022","2022","kg/ha","996.8","A","Official value",""
"QCL","Crops and livestock products","728","South Sudan","5510","Production","0112","Maize (corn)","2022","2022","t","219300","A","Official value",""
"QCL","Crops and livestock products","728","South Sudan","5312","Area harvested","0112","Maize (corn)","2023","2023","ha","141795","I","Value imputed by a receiving agency",""
"QCL","Crops and livestock products","728","South Sudan","5412","Yield","0112","Maize (corn)","2023","2023","kg/ha","994.4","E","Estimated value",""
"QCL","Crops and livestock products","728","South Sudan","5510","Production","0112","Maize (corn)","2023","2023","t","141000","X","Value from external organization","Unofficial figure"
"QCL","Crops and livestock products","728","South Sudan","5312","Area harvested","0112","Maize (corn)","2024","2024","ha","162707","I","Value imputed by a receiving agency",""
"QCL","Crops and livestock products","728","South Sudan","5412","Yield","0112","Maize (corn)","2024","2024","kg/ha","964.9","E","Estimated value",""
"QCL","Crops and livestock products","728","South Sudan","5510","Production","0112","Maize (corn)","2024","2024","t","157000","X","Value from external organization","Unofficial figure"
"QCL","Crops and livestock products","728","South Sudan","5312","Area harvested","01449.01","Melonseed","2012","2012","ha","30000","E","Estimated value",""
"QCL","Crops and livestock products","728","South Sudan","5412","Yield","01449.01","Melonseed","2012","2012","kg/ha","666.7","E","Estimated value",""
"QCL","Crops and livestock products","728","South Sudan","5510","Production","01449.01","Melonseed","2012","2012","t","20000","E","Estimated value",""
"QCL","Crops and livestock products","728","South Sudan","5312","Area harvested","01449.01","Melonseed","2013","2013","ha","40000","E","Estimated value",""
"QCL","Crops and livestock products","728","South Sudan","5412","Yield","01449.01","Melonseed","2013","2013","kg/ha","450","E","Estimated value",""
"QCL","Crops and livestock products","728","South Sudan","5510","Production","01449.01","Melonseed","2013","2013","t","18000","E","Estimated value",""
"QCL","Crops and livestock products","728","South Sudan","5312","Area harvested","01449.01","Melonseed","2014","2014","ha","36000","E","Estimated value",""
"QCL","Crops and livestock products","728","South Sudan","5412","Yield","01449.01","Melonseed","2014","2014","kg/ha","694.4","E","Estimated value",""
"QCL","Crops and livestock products","728","South Sudan","5510","Production","01449.01","Melonseed","2014","2014","t","25000","E","Estimated value",""
"QCL","Crops and livestock products","728","South Sudan","5312","Area harvested","01449.01","Melonseed","2015","2015","ha","33909","I","Value imputed by a receiving agency",""
"QCL","Crops and livestock products","728","South Sudan","5412","Yield","01449.01","Melonseed","2015","2015","kg/ha","665.6","E","Estimated value",""
"QCL","Crops and livestock products","728","South Sudan","5510","Production","01449.01","Melonseed","2015","2015","t","22568.81","I","Value imputed by a receiving agency",""
"QCL","Crops and livestock products","728","South Sudan","5312","Area harvested","01449.01","Melonseed","2016","2016","ha","35758","I","Value imputed by a receiving agency",""
"QCL","Crops and livestock products","728","South Sudan","5412","Yield","01449.01","Melonseed","2016","2016","kg/ha","611.2","E","Estimated value",""
"QCL","Crops and livestock products","728","South Sudan","5510","Production","01449.01","Melonseed","2016","2016","t","21856.27","E","Estimated value",""
"QCL","Crops and livestock products","728","South Sudan","5312","Area harvested","01449.01","Melonseed","2017","2017","ha","35760","I","Value imputed by a receiving agency",""
"QCL","Crops and livestock products","728","South Sudan","5412","Yield","01449.01","Melonseed","2017","2017","kg/ha","649.3","E","Estimated value",""
"QCL","Crops and livestock products","728","South Sudan","5510","Production","01449.01","Melonseed","2017","2017","t","23218.8","I","Value imputed by a receiving agency",""
"QCL","Crops and livestock products","728","South Sudan","5312","Area harvested","01449.01","Melonseed","2018","2018","ha","35937","I","Value imputed by a receiving agency",""
"QCL","Crops and livestock products","728","South Sudan","5412","Yield","01449.01","Melonseed","2018","2018","kg/ha","657.4","E","Estimated value",""
"QCL","Crops and livestock products","728","South Sudan","5510","Production","01449.01","Melonseed","2018","2018","t","23625.68","I","Value imputed by a receiving agency",""
"QCL","Crops and livestock products","728","South Sudan","5312","Area harvested","01449.01","Melonseed","2019","2019","ha","36300","I","Value imputed by a receiving agency",""
"QCL","Crops and livestock products","728","South Sudan","5412","Yield","01449.01","Melonseed","2019","2019","kg/ha","662.1","E","Estimated value",""
"QCL","Crops and livestock products","728","South Sudan","5510","Production","01449.01","Melonseed","2019","2019","t","24032.95","I","Value imputed by a receiving agency",""
"QCL","Crops and livestock products","728","South Sudan","5312","Area harvested","01449.01","Melonseed","2020","2020","ha","36560","I","Value imputed by a receiving agency",""
"QCL","Crops and livestock products","728","South Sudan","5412","Yield","01449.01","Melonseed","2020","2020","kg/ha","646.2","E","Estimated value",""
"QCL","Crops and livestock products","728","South Sudan","5510","Production","01449.01","Melonseed","2020","2020","t","23625.81","E","Estimated value",""
"QCL","Crops and livestock products","728","South Sudan","5312","Area harvested","01449.01","Melonseed","2021","2021","ha","36956","I","Value imputed by a receiving agency",""
"QCL","Crops and livestock products","728","South Sudan","5412","Yield","01449.01","Melonseed","2021","2021","kg/ha","643","E","Estimated value",""
"QCL","Crops and livestock products","728","South Sudan","5510","Production","01449.01","Melonseed","2021","2021","t","23761.48","E","Estimated value",""
"QCL","Crops and livestock products","728","South Sudan","5312","Area harvested","01449.01","Melonseed","2022","2022","ha","36969","I","Value imputed by a receiving agency",""
"QCL","Crops and livestock products","728","South Sudan","5412","Yield","01449.01","Melonseed","2022","2022","kg/ha","644","E","Estimated value",""
"QCL","Crops and livestock products","728","South Sudan","5510","Production","01449.01","Melonseed","2022","2022","t","23806.75","E","Estimated value",""
"QCL","Crops and livestock products","728","South Sudan","5312","Area harvested","01449.01","Melonseed","2023","2023","ha","37219","I","Value imputed by a receiving agency",""
"QCL","Crops and livestock products","728","South Sudan","5412","Yield","01449.01","Melonseed","2023","2023","kg/ha","637.6","E","Estimated value",""
"QCL","Crops and livestock products","728","South Sudan","5510","Production","01449.01","Melonseed","2023","2023","t","23731.34","E","Estimated value",""
"QCL","Crops and livestock products","728","South Sudan","5312","Area harvested","01449.01","Melonseed","2024","2024","ha","37048","E","Estimated value",""
"QCL","Crops and livestock products","728","South Sudan","5412","Yield","01449.01","Melonseed","2024","2024","kg/ha","641.5","E","Estimated value",""
"QCL","Crops and livestock products","728","South Sudan","5510","Production","01449.01","Melonseed","2024","2024","t","23766.52","E","Estimated value",""
"QCL","Crops and livestock products","728","South Sudan","5312","Area harvested","0118","Millet","2012","2012","ha","65000","E","Estimated value",""
"QCL","Crops and livestock products","728","South Sudan","5412","Yield","0118","Millet","2012","2012","kg/ha","923.1","E","Estimated value",""
"QCL","Crops and livestock products","728","South Sudan","5510","Production","0118","Millet","2012","2012","t","60000","E","Estimated value",""
"QCL","Crops and livestock products","728","South Sudan","5312","Area harvested","0118","Millet","2013","2013","ha","10000","X","Value from external organization","Unofficial figure"
"QCL","Crops and livestock products","728","South Sudan","5412","Yield","0118","Millet","2013","2013","kg/ha","700","X","Value from external organization",""
"QCL","Crops and livestock products","728","South Sudan","5510","Production","0118","Millet","2013","2013","t","7000","X","Value from external organization","Unofficial figure"
"QCL","Crops and livestock products","728","South Sudan","5312","Area harvested","0118","Millet","2014","2014","ha","10951","X","Value from external organization","Unofficial figure"
"QCL","Crops and livestock products","728","South Sudan","5412","Yield","0118","Millet","2014","2014","kg/ha","1146.1","X","Value from external organization",""
"QCL","Crops and livestock products","728","South Sudan","5510","Production","0118","Millet","2014","2014","t","12551","X","Value from external organization","Unofficial figure"
"QCL","Crops and livestock products","728","South Sudan","5312","Area harvested","0118","Millet","2015","2015","ha","66529","A","Official value",""
"QCL","Crops and livestock products","728","South Sudan","5412","Yield","0118","Millet","2015","2015","kg/ha","907.3","A","Official value",""
"QCL","Crops and livestock products","728","South Sudan","5510","Production","0118","Millet","2015","2015","t","60362","A","Official value",""
"QCL","Crops and livestock products","728","South Sudan","5312","Area harvested","0118","Millet","2016","2016","ha","61566","A","Official value",""
"QCL","Crops and livestock products","728","South Sudan","5412","Yield","0118","Millet","2016","2016","kg/ha","879.1","A","Official value",""
"QCL","Crops and livestock products","728","South Sudan","5510","Production","0118","Millet","2016","2016","t","54123","A","Official value",""
"QCL","Crops and livestock products","728","South Sudan","5312","Area harvested","0118","Millet","2017","2017","ha","56575","A","Official value",""
"QCL","Crops and livestock products","728","South Sudan","5412","Yield","0118","Millet","2017","2017","kg/ha","885.2","A","Official value",""
"QCL","Crops and livestock products","728","South Sudan","5510","Production","0118","Millet","2017","2017","t","50079","A","Official value",""
"QCL","Crops and livestock products","728","South Sudan","5312","Area harvested","0118","Millet","2018","2018","ha","57872","A","Official value",""
"QCL","Crops and livestock products","728","South Sudan","5412","Yield","0118","Millet","2018","2018","kg/ha","753.7","A","Official value",""
"QCL","Crops and livestock products","728","South Sudan","5510","Production","0118","Millet","2018","2018","t","43616","A","Official value",""
"QCL","Crops and livestock products","728","South Sudan","5312","Area harvested","0118","Millet","2019","2019","ha","38111","A","Official value",""
"QCL","Crops and livestock products","728","South Sudan","5412","Yield","0118","Millet","2019","2019","kg/ha","880.5","A","Official value",""
"QCL","Crops and livestock products","728","South Sudan","5510","Production","0118","Millet","2019","2019","t","33558","A","Official value",""
"QCL","Crops and livestock products","728","South Sudan","5312","Area harvested","0118","Millet","2020","2020","ha","40578","A","Official value",""
"QCL","Crops and livestock products","728","South Sudan","5412","Yield","0118","Millet","2020","2020","kg/ha","883.5","A","Official value",""
"QCL","Crops and livestock products","728","South Sudan","5510","Production","0118","Millet","2020","2020","t","35851","A","Official value",""
"QCL","Crops and livestock products","728","South Sudan","5312","Area harvested","0118","Millet","2021","2021","ha","56452","A","Official value",""
"QCL","Crops and livestock products","728","South Sudan","5412","Yield","0118","Millet","2021","2021","kg/ha","847.6","A","Official value",""
"QCL","Crops and livestock products","728","South Sudan","5510","Production","0118","Millet","2021","2021","t","47851","A","Official value",""
"QCL","Crops and livestock products","728","South Sudan","5312","Area harvested","0118","Millet","2022","2022","ha","56452","A","Official value",""
"QCL","Crops and livestock products","728","South Sudan","5412","Yield","0118","Millet","2022","2022","kg/ha","850.5","A","Official value",""
"QCL","Crops and livestock products","728","South Sudan","5510","Production","0118","Millet","2022","2022","t","48015","A","Official value",""
"QCL","Crops and livestock products","728","South Sudan","5312","Area harvested","0118","Millet","2023","2023","ha","50000","X","Value from external organization","Unofficial figure"
"QCL","Crops and livestock products","728","South Sudan","5412","Yield","0118","Millet","2023","2023","kg/ha","900","X","Value from external organization",""
"QCL","Crops and livestock products","728","South Sudan","5510","Production","0118","Millet","2023","2023","t","45000","X","Value from external organization","Unofficial figure"
"QCL","Crops and livestock products","728","South Sudan","5312","Area harvested","0118","Millet","2024","2024","ha","50000","X","Value from external organization","Unofficial figure"
"QCL","Crops and livestock products","728","South Sudan","5412","Yield","0118","Millet","2024","2024","kg/ha","900","X","Value from external organization",""
"QCL","Crops and livestock products","728","South Sudan","5510","Production","0118","Millet","2024","2024","t","45000","X","Value from external organization","Unofficial figure"
"QCL","Crops and livestock products","728","South Sudan","5510","Production","21691.07","Oil of sesame seed","2012","2012","t","42500","I","Value imputed by a receiving agency",""
"QCL","Crops and livestock products","728","South Sudan","5510","Production","21691.07","Oil of sesame seed","2013","2013","t","42500","I","Value imputed by a receiving agency",""
"QCL","Crops and livestock products","728","South Sudan","5510","Production","21691.07","Oil of sesame seed","2014","2014","t","23824","I","Value imputed by a receiving agency",""
"QCL","Crops and livestock products","728","South Sudan","5510","Production","21691.07","Oil of sesame seed","2015","2015","t","25654","I","Value imputed by a receiving agency",""
"QCL","Crops and livestock products","728","South Sudan","5510","Production","21691.07","Oil of sesame seed","2016","2016","t","27276","I","Value imputed by a receiving agency",""
"QCL","Crops and livestock products","728","South Sudan","5510","Production","21691.07","Oil of sesame seed","2017","2017","t","28010","I","Value imputed by a receiving agency",""
"QCL","Crops and livestock products","728","South Sudan","5510","Production","21691.07","Oil of sesame seed","2018","2018","t","28233","I","Value imputed by a receiving agency",""
"QCL","Crops and livestock products","728","South Sudan","5510","Production","21691.07","Oil of sesame seed","2019","2019","t","21200","E","Estimated value",""
"QCL","Crops and livestock products","728","South Sudan","5510","Production","21691.07","Oil of sesame seed","2020","2020","t","21100","E","Estimated value",""
"QCL","Crops and livestock products","728","South Sudan","5510","Production","21691.07","Oil of sesame seed","2021","2021","t","21000","E","Estimated value",""
"QCL","Crops and livestock products","728","South Sudan","5510","Production","21691.07","Oil of sesame seed","2022","2022","t","26100","E","Estimated value",""
"QCL","Crops and livestock products","728","South Sudan","5510","Production","21691.07","Oil of sesame seed","2023","2023","t","26700","E","Estimated value",""
"QCL","Crops and livestock products","728","South Sudan","5312","Area harvested","01241.90","Other beans, green","2012","2012","ha","160","E","Estimated value",""
"QCL","Crops and livestock products","728","South Sudan","5412","Yield","01241.90","Other beans, green","2012","2012","kg/ha","4687.5","E","Estimated value",""
"QCL","Crops and livestock products","728","South Sudan","5510","Production","01241.90","Other beans, green","2012","2012","t","750","E","Estimated value",""
"QCL","Crops and livestock products","728","South Sudan","5312","Area harvested","01241.90","Other beans, green","2013","2013","ha","200","E","Estimated value",""
"QCL","Crops and livestock products","728","South Sudan","5412","Yield","01241.90","Other beans, green","2013","2013","kg/ha","4000","E","Estimated value",""
"QCL","Crops and livestock products","728","South Sudan","5510","Production","01241.90","Other beans, green","2013","2013","t","800","E","Estimated value",""
"QCL","Crops and livestock products","728","South Sudan","5312","Area harvested","01241.90","Other beans, green","2014","2014","ha","225","E","Estimated value",""
"QCL","Crops and livestock products","728","South Sudan","5412","Yield","01241.90","Other beans, green","2014","2014","kg/ha","4444.4","E","Estimated value",""
"QCL","Crops and livestock products","728","South Sudan","5510","Production","01241.90","Other beans, green","2014","2014","t","1000","E","Estimated value",""
"QCL","Crops and livestock products","728","South Sudan","5312","Area harvested","01241.90","Other beans, green","2015","2015","ha","246","I","Value imputed by a receiving agency",""
"QCL","Crops and livestock products","728","South Sudan","5412","Yield","01241.90","Other beans, green","2015","2015","kg/ha","4366","E","Estimated value",""
"QCL","Crops and livestock products","728","South Sudan","5510","Production","01241.90","Other beans, green","2015","2015","t","1074.58","I","Value imputed by a receiving agency",""
"QCL","Crops and livestock products","728","South Sudan","5312","Area harvested","01241.90","Other beans, green","2016","2016","ha","224","E","Estimated value",""
"QCL","Crops and livestock products","728","South Sudan","5412","Yield","01241.90","Other beans, green","2016","2016","kg/ha","4283.2","E","Estimated value",""
"QCL","Crops and livestock products","728","South Sudan","5510","Production","01241.90","Other beans, green","2016","2016","t","958.19","E","Estimated value",""
"QCL","Crops and livestock products","728","South Sudan","5312","Area harvested","01241.90","Other beans, green","2017","2017","ha","233","I","Value imputed by a receiving agency",""
"QCL","Crops and livestock products","728","South Sudan","5412","Yield","01241.90","Other beans, green","2017","2017","kg/ha","4310.6","E","Estimated value",""
"QCL","Crops and livestock products","728","South Sudan","5510","Production","01241.90","Other beans, green","2017","2017","t","1003.04","I","Value imputed by a receiving agency",""
"QCL","Crops and livestock products","728","South Sudan","5312","Area harvested","01241.90","Other beans, green","2018","2018","ha","243","I","Value imputed by a receiving agency",""
"QCL","Crops and livestock products","728","South Sudan","5412","Yield","01241.90","Other beans, green","2018","2018","kg/ha","4289.3","E","Estimated value",""
"QCL","Crops and livestock products","728","South Sudan","5510","Production","01241.90","Other beans, green","2018","2018","t","1040.88","I","Value imputed by a receiving agency",""
"QCL","Crops and livestock products","728","South Sudan","5312","Area harvested","01241.90","Other beans, green","2019","2019","ha","233","E","Estimated value",""
"QCL","Crops and livestock products","728","South Sudan","5412","Yield","01241.90","Other beans, green","2019","2019","kg/ha","4294.4","E","Estimated value",""
"QCL","Crops and livestock products","728","South Sudan","5510","Production","01241.90","Other beans, green","2019","2019","t","1000.7","E","Estimated value",""
"QCL","Crops and livestock products","728","South Sudan","5312","Area harvested","01241.90","Other beans, green","2020","2020","ha","240","I","Value imputed by a receiving agency",""
"QCL","Crops and livestock products","728","South Sudan","5412","Yield","01241.90","Other beans, green","2020","2020","kg/ha","4273.1","E","Estimated value",""
"QCL","Crops and livestock products","728","South Sudan","5510","Production","01241.90","Other beans, green","2020","2020","t","1025.18","I","Value imputed by a receiving agency",""
"QCL","Crops and livestock products","728","South Sudan","5312","Area harvested","01241.90","Other beans, green","2021","2021","ha","239","E","Estimated value",""
"QCL","Crops and livestock products","728","South Sudan","5412","Yield","01241.90","Other beans, green","2021","2021","kg/ha","4285.5","E","Estimated value",""
"QCL","Crops and livestock products","728","South Sudan","5510","Production","01241.90","Other beans, green","2021","2021","t","1022.25","E","Estimated value",""
"QCL","Crops and livestock products","728","South Sudan","5312","Area harvested","01241.90","Other beans, green","2022","2022","ha","237","E","Estimated value",""
"QCL","Crops and livestock products","728","South Sudan","5412","Yield","01241.90","Other beans, green","2022","2022","kg/ha","4284.3","E","Estimated value",""
"QCL","Crops and livestock products","728","South Sudan","5510","Production","01241.90","Other beans, green","2022","2022","t","1016.05","E","Estimated value",""
"QCL","Crops and livestock products","728","South Sudan","5312","Area harvested","01241.90","Other beans, green","2023","2023","ha","239","E","Estimated value",""
"QCL","Crops and livestock products","728","South Sudan","5412","Yield","01241.90","Other beans, green","2023","2023","kg/ha","4280.9","E","Estimated value",""
"QCL","Crops and livestock products","728","South Sudan","5510","Production","01241.90","Other beans, green","2023","2023","t","1021.16","E","Estimated value",""
"QCL","Crops and livestock products","728","South Sudan","5312","Area harvested","01241.90","Other beans, green","2024","2024","ha","238","E","Estimated value",""
"QCL","Crops and livestock products","728","South Sudan","5412","Yield","01241.90","Other beans, green","2024","2024","kg/ha","4283.6","E","Estimated value",""
"QCL","Crops and livestock products","728","South Sudan","5510","Production","01241.90","Other beans, green","2024","2024","t","1019.82","E","Estimated value",""
"QCL","Crops and livestock products","728","South Sudan","5312","Area harvested","01359.90","Other fruits, n.e.c.","2012","2012","ha","54000","E","Estimated value",""
"QCL","Crops and livestock products","728","South Sudan","5412","Yield","01359.90","Other fruits, n.e.c.","2012","2012","kg/ha","5555.6","E","Estimated value",""
"QCL","Crops and livestock products","728","South Sudan","5510","Production","01359.90","Other fruits, n.e.c.","2012","2012","t","300000","E","Estimated value",""
"QCL","Crops and livestock products","728","South Sudan","5312","Area harvested","01359.90","Other fruits, n.e.c.","2013","2013","ha","60000","E","Estimated value",""
"QCL","Crops and livestock products","728","South Sudan","5412","Yield","01359.90","Other fruits, n.e.c.","2013","2013","kg/ha","5833.3","E","Estimated value",""
"QCL","Crops and livestock products","728","South Sudan","5510","Production","01359.90","Other fruits, n.e.c.","2013","2013","t","350000","E","Estimated value",""
"QCL","Crops and livestock products","728","South Sudan","5312","Area harvested","01359.90","Other fruits, n.e.c.","2014","2014","ha","65000","E","Estimated value",""
"QCL","Crops and livestock products","728","South Sudan","5412","Yield","01359.90","Other fruits, n.e.c.","2014","2014","kg/ha","5769.2","E","Estimated value",""
"QCL","Crops and livestock products","728","South Sudan","5510","Production","01359.90","Other fruits, n.e.c.","2014","2014","t","375000","E","Estimated value",""
"QCL","Crops and livestock products","728","South Sudan","5312","Area harvested","01359.90","Other fruits, n.e.c.","2015","2015","ha","65902","I","Value imputed by a receiving agency",""
"QCL","Crops and livestock products","728","South Sudan","5412","Yield","01359.90","Other fruits, n.e.c.","2015","2015","kg/ha","5910.1","E","Estimated value",""
"QCL","Crops and livestock products","728","South Sudan","5510","Production","01359.90","Other fruits, n.e.c.","2015","2015","t","389485.51","I","Value imputed by a receiving agency",""
"QCL","Crops and livestock products","728","South Sudan","5312","Area harvested","01359.90","Other fruits, n.e.c.","2016","2016","ha","66000","E","Estimated value",""
"QCL","Crops and livestock products","728","South Sudan","5412","Yield","01359.90","Other fruits, n.e.c.","2016","2016","kg/ha","6060.6","E","Estimated value",""
"QCL","Crops and livestock products","728","South Sudan","5510","Production","01359.90","Other fruits, n.e.c.","2016","2016","t","400000","E","Estimated value",""
"QCL","Crops and livestock products","728","South Sudan","5312","Area harvested","01359.90","Other fruits, n.e.c.","2017","2017","ha","65000","E","Estimated value",""
"QCL","Crops and livestock products","728","South Sudan","5412","Yield","01359.90","Other fruits, n.e.c.","2017","2017","kg/ha","6076.9","E","Estimated value",""
"QCL","Crops and livestock products","728","South Sudan","5510","Production","01359.90","Other fruits, n.e.c.","2017","2017","t","395000","E","Estimated value",""
"QCL","Crops and livestock products","728","South Sudan","5312","Area harvested","01359.90","Other fruits, n.e.c.","2018","2018","ha","64952","I","Value imputed by a receiving agency",""
"QCL","Crops and livestock products","728","South Sudan","5412","Yield","01359.90","Other fruits, n.e.c.","2018","2018","kg/ha","6132.3","E","Estimated value",""
"QCL","Crops and livestock products","728","South Sudan","5510","Production","01359.90","Other fruits, n.e.c.","2018","2018","t","398302.22","I","Value imputed by a receiving agency",""
"QCL","Crops and livestock products","728","South Sudan","5312","Area harvested","01359.90","Other fruits, n.e.c.","2019","2019","ha","64603","I","Value imputed by a receiving agency",""
"QCL","Crops and livestock products","728","South Sudan","5412","Yield","01359.90","Other fruits, n.e.c.","2019","2019","kg/ha","6191.5","E","Estimated value",""
"QCL","Crops and livestock products","728","South Sudan","5510","Production","01359.90","Other fruits, n.e.c.","2019","2019","t","399984.64","I","Value imputed by a receiving agency",""
"QCL","Crops and livestock products","728","South Sudan","5312","Area harvested","01359.90","Other fruits, n.e.c.","2020","2020","ha","63927","I","Value imputed by a receiving agency",""
"QCL","Crops and livestock products","728","South Sudan","5412","Yield","01359.90","Other fruits, n.e.c.","2020","2020","kg/ha","6257.1","E","Estimated value",""
"QCL","Crops and livestock products","728","South Sudan","5510","Production","01359.90","Other fruits, n.e.c.","2020","2020","t","399994.69","I","Value imputed by a receiving agency",""
"QCL","Crops and livestock products","728","South Sudan","5312","Area harvested","01359.90","Other fruits, n.e.c.","2021","2021","ha","67240","I","Value imputed by a receiving agency",""
"QCL","Crops and livestock products","728","South Sudan","5412","Yield","01359.90","Other fruits, n.e.c.","2021","2021","kg/ha","5940.3","E","Estimated value",""
"QCL","Crops and livestock products","728","South Sudan","5510","Production","01359.90","Other fruits, n.e.c.","2021","2021","t","399427.19","E","Estimated value",""
"QCL","Crops and livestock products","728","South Sudan","5312","Area harvested","01359.90","Other fruits, n.e.c.","2022","2022","ha","67281","I","Value imputed by a receiving agency",""
"QCL","Crops and livestock products","728","South Sudan","5412","Yield","01359.90","Other fruits, n.e.c.","2022","2022","kg/ha","5942.2","E","Estimated value",""
"QCL","Crops and livestock products","728","South Sudan","5510","Production","01359.90","Other fruits, n.e.c.","2022","2022","t","399802.17","E","Estimated value",""
"QCL","Crops and livestock products","728","South Sudan","5312","Area harvested","01359.90","Other fruits, n.e.c.","2023","2023","ha","67839","I","Value imputed by a receiving agency",""
"QCL","Crops and livestock products","728","South Sudan","5412","Yield","01359.90","Other fruits, n.e.c.","2023","2023","kg/ha","5892.5","E","Estimated value",""
"QCL","Crops and livestock products","728","South Sudan","5510","Production","01359.90","Other fruits, n.e.c.","2023","2023","t","399741.35","E","Estimated value",""
"QCL","Crops and livestock products","728","South Sudan","5312","Area harvested","01359.90","Other fruits, n.e.c.","2024","2024","ha","68384","I","Value imputed by a receiving agency",""
"QCL","Crops and livestock products","728","South Sudan","5412","Yield","01359.90","Other fruits, n.e.c.","2024","2024","kg/ha","5844.3","E","Estimated value",""
"QCL","Crops and livestock products","728","South Sudan","5510","Production","01359.90","Other fruits, n.e.c.","2024","2024","t","399656.9","E","Estimated value",""
"QCL","Crops and livestock products","728","South Sudan","5312","Area harvested","01449.90","Other oil seeds, n.e.c.","2012","2012","ha","66000","E","Estimated value",""
"QCL","Crops and livestock products","728","South Sudan","5412","Yield","01449.90","Other oil seeds, n.e.c.","2012","2012","kg/ha","803","E","Estimated value",""
"QCL","Crops and livestock products","728","South Sudan","5510","Production","01449.90","Other oil seeds, n.e.c.","2012","2012","t","53000","E","Estimated value",""
"QCL","Crops and livestock products","728","South Sudan","5312","Area harvested","01449.90","Other oil seeds, n.e.c.","2013","2013","ha","58000","E","Estimated value",""
"QCL","Crops and livestock products","728","South Sudan","5412","Yield","01449.90","Other oil seeds, n.e.c.","2013","2013","kg/ha","801.7","E","Estimated value",""
"QCL","Crops and livestock products","728","South Sudan","5510","Production","01449.90","Other oil seeds, n.e.c.","2013","2013","t","46500","E","Estimated value",""
"QCL","Crops and livestock products","728","South Sudan","5312","Area harvested","01449.90","Other oil seeds, n.e.c.","2014","2014","ha","58300","E","Estimated value",""
"QCL","Crops and livestock products","728","South Sudan","5412","Yield","01449.90","Other oil seeds, n.e.c.","2014","2014","kg/ha","891.9","E","Estimated value",""
"QCL","Crops and livestock products","728","South Sudan","5510","Production","01449.90","Other oil seeds, n.e.c.","2014","2014","t","52000","E","Estimated value",""
"QCL","Crops and livestock products","728","South Sudan","5312","Area harvested","01449.90","Other oil seeds, n.e.c.","2015","2015","ha","52600","E","Estimated value",""
"QCL","Crops and livestock products","728","South Sudan","5412","Yield","01449.90","Other oil seeds, n.e.c.","2015","2015","kg/ha","950.6","E","Estimated value",""
"QCL","Crops and livestock products","728","South Sudan","5510","Production","01449.90","Other oil seeds, n.e.c.","2015","2015","t","50000","E","Estimated value",""
"QCL","Crops and livestock products","728","South Sudan","5312","Area harvested","01449.90","Other oil seeds, n.e.c.","2016","2016","ha","50600","E","Estimated value",""
"QCL","Crops and livestock products","728","South Sudan","5412","Yield","01449.90","Other oil seeds, n.e.c.","2016","2016","kg/ha","988.1","E","Estimated value",""
"QCL","Crops and livestock products","728","South Sudan","5510","Production","01449.90","Other oil seeds, n.e.c.","2016","2016","t","50000","E","Estimated value",""
"QCL","Crops and livestock products","728","South Sudan","5312","Area harvested","01449.90","Other oil seeds, n.e.c.","2017","2017","ha","50000","E","Estimated value",""
"QCL","Crops and livestock products","728","South Sudan","5412","Yield","01449.90","Other oil seeds, n.e.c.","2017","2017","kg/ha","1000","E","Estimated value",""
"QCL","Crops and livestock products","728","South Sudan","5510","Production","01449.90","Other oil seeds, n.e.c.","2017","2017","t","50000","E","Estimated value",""
"QCL","Crops and livestock products","728","South Sudan","5312","Area harvested","01449.90","Other oil seeds, n.e.c.","2018","2018","ha","50000","E","Estimated value",""
"QCL","Crops and livestock products","728","South Sudan","5412","Yield","01449.90","Other oil seeds, n.e.c.","2018","2018","kg/ha","1000","E","Estimated value",""
"QCL","Crops and livestock products","728","South Sudan","5510","Production","01449.90","Other oil seeds, n.e.c.","2018","2018","t","50000","E","Estimated value",""
"QCL","Crops and livestock products","728","South Sudan","5312","Area harvested","01449.90","Other oil seeds, n.e.c.","2019","2019","ha","50000","E","Estimated value",""
"QCL","Crops and livestock products","728","South Sudan","5412","Yield","01449.90","Other oil seeds, n.e.c.","2019","2019","kg/ha","1011.6","E","Estimated value",""
"QCL","Crops and livestock products","728","South Sudan","5510","Production","01449.90","Other oil seeds, n.e.c.","2019","2019","t","50577.92","I","Value imputed by a receiving agency",""
"QCL","Crops and livestock products","728","South Sudan","5312","Area harvested","01449.90","Other oil seeds, n.e.c.","2020","2020","ha","50000","E","Estimated value",""
"QCL","Crops and livestock products","728","South Sudan","5412","Yield","01449.90","Other oil seeds, n.e.c.","2020","2020","kg/ha","1024.2","E","Estimated value",""
"QCL","Crops and livestock products","728","South Sudan","5510","Production","01449.90","Other oil seeds, n.e.c.","2020","2020","t","51210.77","I","Value imputed by a receiving agency",""
"QCL","Crops and livestock products","728","South Sudan","5312","Area harvested","01449.90","Other oil seeds, n.e.c.","2021","2021","ha","50000","E","Estimated value",""
"QCL","Crops and livestock products","728","South Sudan","5412","Yield","01449.90","Other oil seeds, n.e.c.","2021","2021","kg/ha","1048.2","E","Estimated value",""
"QCL","Crops and livestock products","728","South Sudan","5510","Production","01449.90","Other oil seeds, n.e.c.","2021","2021","t","52408.1","I","Value imputed by a receiving agency",""
"QCL","Crops and livestock products","728","South Sudan","5312","Area harvested","01449.90","Other oil seeds, n.e.c.","2022","2022","ha","49225","I","Value imputed by a receiving agency",""
"QCL","Crops and livestock products","728","South Sudan","5412","Yield","01449.90","Other oil seeds, n.e.c.","2022","2022","kg/ha","1039.3","E","Estimated value",""
"QCL","Crops and livestock products","728","South Sudan","5510","Production","01449.90","Other oil seeds, n.e.c.","2022","2022","t","51157.67","I","Value imputed by a receiving agency",""
"QCL","Crops and livestock products","728","South Sudan","5312","Area harvested","01449.90","Other oil seeds, n.e.c.","2023","2023","ha","48557","I","Value imputed by a receiving agency",""
"QCL","Crops and livestock products","728","South Sudan","5412","Yield","01449.90","Other oil seeds, n.e.c.","2023","2023","kg/ha","1053.8","E","Estimated value",""
"QCL","Crops and livestock products","728","South Sudan","5510","Production","01449.90","Other oil seeds, n.e.c.","2023","2023","t","51168.93","I","Value imputed by a receiving agency",""
"QCL","Crops and livestock products","728","South Sudan","5312","Area harvested","01449.90","Other oil seeds, n.e.c.","2024","2024","ha","47928","I","Value imputed by a receiving agency",""
"QCL","Crops and livestock products","728","South Sudan","5412","Yield","01449.90","Other oil seeds, n.e.c.","2024","2024","kg/ha","1068.3","E","Estimated value",""
"QCL","Crops and livestock products","728","South Sudan","5510","Production","01449.90","Other oil seeds, n.e.c.","2024","2024","t","51203.16","I","Value imputed by a receiving agency",""
"QCL","Crops and livestock products","728","South Sudan","5312","Area harvested","01709.90","Other pulses n.e.c.","2012","2012","ha","33000","E","Estimated value",""
"QCL","Crops and livestock products","728","South Sudan","5412","Yield","01709.90","Other pulses n.e.c.","2012","2012","kg/ha","848.5","E","Estimated value",""
"QCL","Crops and livestock products","728","South Sudan","5510","Production","01709.90","Other pulses n.e.c.","2012","2012","t","28000","E","Estimated value",""
"QCL","Crops and livestock products","728","South Sudan","5312","Area harvested","01709.90","Other pulses n.e.c.","2013","2013","ha","32000","E","Estimated value",""
"QCL","Crops and livestock products","728","South Sudan","5412","Yield","01709.90","Other pulses n.e.c.","2013","2013","kg/ha","893.8","E","Estimated value",""
"QCL","Crops and livestock products","728","South Sudan","5510","Production","01709.90","Other pulses n.e.c.","2013","2013","t","28600","E","Estimated value",""
"QCL","Crops and livestock products","728","South Sudan","5312","Area harvested","01709.90","Other pulses n.e.c.","2014","2014","ha","36000","E","Estimated value",""
"QCL","Crops and livestock products","728","South Sudan","5412","Yield","01709.90","Other pulses n.e.c.","2014","2014","kg/ha","833.3","E","Estimated value",""
"QCL","Crops and livestock products","728","South Sudan","5510","Production","01709.90","Other pulses n.e.c.","2014","2014","t","30000","E","Estimated value",""
"QCL","Crops and livestock products","728","South Sudan","5312","Area harvested","01709.90","Other pulses n.e.c.","2015","2015","ha","36986","I","Value imputed by a receiving agency",""
"QCL","Crops and livestock products","728","South Sudan","5412","Yield","01709.90","Other pulses n.e.c.","2015","2015","kg/ha","839.3","E","Estimated value",""
"QCL","Crops and livestock products","728","South Sudan","5510","Production","01709.90","Other pulses n.e.c.","2015","2015","t","31042.14","I","Value imputed by a receiving agency",""
"QCL","Crops and livestock products","728","South Sudan","5312","Area harvested","01709.90","Other pulses n.e.c.","2016","2016","ha","34995","E","Estimated value",""
"QCL","Crops and livestock products","728","South Sudan","5412","Yield","01709.90","Other pulses n.e.c.","2016","2016","kg/ha","853.9","E","Estimated value",""
"QCL","Crops and livestock products","728","South Sudan","5510","Production","01709.90","Other pulses n.e.c.","2016","2016","t","29880.71","E","Estimated value",""
"QCL","Crops and livestock products","728","South Sudan","5312","Area harvested","01709.90","Other pulses n.e.c.","2017","2017","ha","36245","I","Value imputed by a receiving agency",""
"QCL","Crops and livestock products","728","South Sudan","5412","Yield","01709.90","Other pulses n.e.c.","2017","2017","kg/ha","835.4","E","Estimated value",""
"QCL","Crops and livestock products","728","South Sudan","5510","Production","01709.90","Other pulses n.e.c.","2017","2017","t","30279.35","I","Value imputed by a receiving agency",""
"QCL","Crops and livestock products","728","South Sudan","5312","Area harvested","01709.90","Other pulses n.e.c.","2018","2018","ha","36857","I","Value imputed by a receiving agency",""
"QCL","Crops and livestock products","728","South Sudan","5412","Yield","01709.90","Other pulses n.e.c.","2018","2018","kg/ha","828.1","E","Estimated value",""
"QCL","Crops and livestock products","728","South Sudan","5510","Production","01709.90","Other pulses n.e.c.","2018","2018","t","30522.81","I","Value imputed by a receiving agency",""
"QCL","Crops and livestock products","728","South Sudan","5312","Area harvested","01709.90","Other pulses n.e.c.","2019","2019","ha","36724","I","Value imputed by a receiving agency",""
"QCL","Crops and livestock products","728","South Sudan","5412","Yield","01709.90","Other pulses n.e.c.","2019","2019","kg/ha","838.2","E","Estimated value",""
"QCL","Crops and livestock products","728","South Sudan","5510","Production","01709.90","Other pulses n.e.c.","2019","2019","t","30780.97","I","Value imputed by a receiving agency",""
"QCL","Crops and livestock products","728","South Sudan","5312","Area harvested","01709.90","Other pulses n.e.c.","2020","2020","ha","36910","I","Value imputed by a receiving agency",""
"QCL","Crops and livestock products","728","South Sudan","5412","Yield","01709.90","Other pulses n.e.c.","2020","2020","kg/ha","841.4","E","Estimated value",""
"QCL","Crops and livestock products","728","South Sudan","5510","Production","01709.90","Other pulses n.e.c.","2020","2020","t","31054.7","I","Value imputed by a receiving agency",""
"QCL","Crops and livestock products","728","South Sudan","5312","Area harvested","01709.90","Other pulses n.e.c.","2021","2021","ha","37342","I","Value imputed by a receiving agency",""
"QCL","Crops and livestock products","728","South Sudan","5412","Yield","01709.90","Other pulses n.e.c.","2021","2021","kg/ha","844.1","E","Estimated value",""
"QCL","Crops and livestock products","728","South Sudan","5510","Production","01709.90","Other pulses n.e.c.","2021","2021","t","31519.03","I","Value imputed by a receiving agency",""
"QCL","Crops and livestock products","728","South Sudan","5312","Area harvested","01709.90","Other pulses n.e.c.","2022","2022","ha","37090","I","Value imputed by a receiving agency",""
"QCL","Crops and livestock products","728","South Sudan","5412","Yield","01709.90","Other pulses n.e.c.","2022","2022","kg/ha","851.9","E","Estimated value",""
"QCL","Crops and livestock products","728","South Sudan","5510","Production","01709.90","Other pulses n.e.c.","2022","2022","t","31595.44","I","Value imputed by a receiving agency",""
"QCL","Crops and livestock products","728","South Sudan","5312","Area harvested","01709.90","Other pulses n.e.c.","2023","2023","ha","37320","I","Value imputed by a receiving agency",""
"QCL","Crops and livestock products","728","South Sudan","5412","Yield","01709.90","Other pulses n.e.c.","2023","2023","kg/ha","853.8","E","Estimated value",""
"QCL","Crops and livestock products","728","South Sudan","5510","Production","01709.90","Other pulses n.e.c.","2023","2023","t","31862.19","I","Value imputed by a receiving agency",""
"QCL","Crops and livestock products","728","South Sudan","5312","Area harvested","01709.90","Other pulses n.e.c.","2024","2024","ha","37549","I","Value imputed by a receiving agency",""
"QCL","Crops and livestock products","728","South Sudan","5412","Yield","01709.90","Other pulses n.e.c.","2024","2024","kg/ha","843.1","E","Estimated value",""
"QCL","Crops and livestock products","728","South Sudan","5510","Production","01709.90","Other pulses n.e.c.","2024","2024","t","31658.89","E","Estimated value",""
"QCL","Crops and livestock products","728","South Sudan","5312","Area harvested","01319","Other tropical fruits, n.e.c.","2012","2012","ha","9500","E","Estimated value",""
"QCL","Crops and livestock products","728","South Sudan","5412","Yield","01319","Other tropical fruits, n.e.c.","2012","2012","kg/ha","3842.1","E","Estimated value",""
"QCL","Crops and livestock products","728","South Sudan","5510","Production","01319","Other tropical fruits, n.e.c.","2012","2012","t","36500","E","Estimated value",""
"QCL","Crops and livestock products","728","South Sudan","5312","Area harvested","01319","Other tropical fruits, n.e.c.","2013","2013","ha","10000","E","Estimated value",""
"QCL","Crops and livestock products","728","South Sudan","5412","Yield","01319","Other tropical fruits, n.e.c.","2013","2013","kg/ha","4000","E","Estimated value",""
"QCL","Crops and livestock products","728","South Sudan","5510","Production","01319","Other tropical fruits, n.e.c.","2013","2013","t","40000","E","Estimated value",""
"QCL","Crops and livestock products","728","South Sudan","5312","Area harvested","01319","Other tropical fruits, n.e.c.","2014","2014","ha","11000","E","Estimated value",""
"QCL","Crops and livestock products","728","South Sudan","5412","Yield","01319","Other tropical fruits, n.e.c.","2014","2014","kg/ha","4090.9","E","Estimated value",""
"QCL","Crops and livestock products","728","South Sudan","5510","Production","01319","Other tropical fruits, n.e.c.","2014","2014","t","45000","E","Estimated value",""
"QCL","Crops and livestock products","728","South Sudan","5312","Area harvested","01319","Other tropical fruits, n.e.c.","2015","2015","ha","12005","I","Value imputed by a receiving agency",""
"QCL","Crops and livestock products","728","South Sudan","5412","Yield","01319","Other tropical fruits, n.e.c.","2015","2015","kg/ha","4140.6","E","Estimated value",""
"QCL","Crops and livestock products","728","South Sudan","5510","Production","01319","Other tropical fruits, n.e.c.","2015","2015","t","49708.54","I","Value imputed by a receiving agency",""
"QCL","Crops and livestock products","728","South Sudan","5312","Area harvested","01319","Other tropical fruits, n.e.c.","2016","2016","ha","11002","E","Estimated value",""
"QCL","Crops and livestock products","728","South Sudan","5412","Yield","01319","Other tropical fruits, n.e.c.","2016","2016","kg/ha","4081.5","E","Estimated value",""
"QCL","Crops and livestock products","728","South Sudan","5510","Production","01319","Other tropical fruits, n.e.c.","2016","2016","t","44902.85","E","Estimated value",""
"QCL","Crops and livestock products","728","South Sudan","5312","Area harvested","01319","Other tropical fruits, n.e.c.","2017","2017","ha","11409","I","Value imputed by a receiving agency",""
"QCL","Crops and livestock products","728","South Sudan","5412","Yield","01319","Other tropical fruits, n.e.c.","2017","2017","kg/ha","4113.9","E","Estimated value",""
"QCL","Crops and livestock products","728","South Sudan","5510","Production","01319","Other tropical fruits, n.e.c.","2017","2017","t","46936.98","I","Value imputed by a receiving agency",""
"QCL","Crops and livestock products","728","South Sudan","5312","Area harvested","01319","Other tropical fruits, n.e.c.","2018","2018","ha","11589","I","Value imputed by a receiving agency",""
"QCL","Crops and livestock products","728","South Sudan","5412","Yield","01319","Other tropical fruits, n.e.c.","2018","2018","kg/ha","4136.1","E","Estimated value",""
"QCL","Crops and livestock products","728","South Sudan","5510","Production","01319","Other tropical fruits, n.e.c.","2018","2018","t","47934.93","I","Value imputed by a receiving agency",""
"QCL","Crops and livestock products","728","South Sudan","5312","Area harvested","01319","Other tropical fruits, n.e.c.","2019","2019","ha","11845","I","Value imputed by a receiving agency",""
"QCL","Crops and livestock products","728","South Sudan","5412","Yield","01319","Other tropical fruits, n.e.c.","2019","2019","kg/ha","3933.3","E","Estimated value",""
"QCL","Crops and livestock products","728","South Sudan","5510","Production","01319","Other tropical fruits, n.e.c.","2019","2019","t","46591.58","E","Estimated value",""
"QCL","Crops and livestock products","728","South Sudan","5312","Area harvested","01319","Other tropical fruits, n.e.c.","2020","2020","ha","11811","I","Value imputed by a receiving agency",""
"QCL","Crops and livestock products","728","South Sudan","5412","Yield","01319","Other tropical fruits, n.e.c.","2020","2020","kg/ha","3965.5","E","Estimated value",""
"QCL","Crops and livestock products","728","South Sudan","5510","Production","01319","Other tropical fruits, n.e.c.","2020","2020","t","46835.36","I","Value imputed by a receiving agency",""
"QCL","Crops and livestock products","728","South Sudan","5312","Area harvested","01319","Other tropical fruits, n.e.c.","2021","2021","ha","11748","E","Estimated value",""
"QCL","Crops and livestock products","728","South Sudan","5412","Yield","01319","Other tropical fruits, n.e.c.","2021","2021","kg/ha","4010.8","E","Estimated value",""
"QCL","Crops and livestock products","728","South Sudan","5510","Production","01319","Other tropical fruits, n.e.c.","2021","2021","t","47120.62","E","Estimated value",""
"QCL","Crops and livestock products","728","South Sudan","5312","Area harvested","01319","Other tropical fruits, n.e.c.","2022","2022","ha","11802","E","Estimated value",""
"QCL","Crops and livestock products","728","South Sudan","5412","Yield","01319","Other tropical fruits, n.e.c.","2022","2022","kg/ha","3969.8","E","Estimated value",""
"QCL","Crops and livestock products","728","South Sudan","5510","Production","01319","Other tropical fruits, n.e.c.","2022","2022","t","46849.19","E","Estimated value",""
"QCL","Crops and livestock products","728","South Sudan","5312","Area harvested","01319","Other tropical fruits, n.e.c.","2023","2023","ha","11787","E","Estimated value",""
"QCL","Crops and livestock products","728","South Sudan","5412","Yield","01319","Other tropical fruits, n.e.c.","2023","2023","kg/ha","3982","E","Estimated value",""
"QCL","Crops and livestock products","728","South Sudan","5510","Production","01319","Other tropical fruits, n.e.c.","2023","2023","t","46935.06","E","Estimated value",""
"QCL","Crops and livestock products","728","South Sudan","5312","Area harvested","01319","Other tropical fruits, n.e.c.","2024","2024","ha","11779","E","Estimated value",""
"QCL","Crops and livestock products","728","South Sudan","5412","Yield","01319","Other tropical fruits, n.e.c.","2024","2024","kg/ha","3987.5","E","Estimated value",""
"QCL","Crops and livestock products","728","South Sudan","5510","Production","01319","Other tropical fruits, n.e.c.","2024","2024","t","46968.29","E","Estimated value",""
"QCL","Crops and livestock products","728","South Sudan","5312","Area harvested","01290.90","Other vegetables, fresh n.e.c.","2012","2012","ha","45000","E","Estimated value",""
"QCL","Crops and livestock products","728","South Sudan","5412","Yield","01290.90","Other vegetables, fresh n.e.c.","2012","2012","kg/ha","6666.7","E","Estimated value",""
"QCL","Crops and livestock products","728","South Sudan","5510","Production","01290.90","Other vegetables, fresh n.e.c.","2012","2012","t","300000","E","Estimated value",""
"QCL","Crops and livestock products","728","South Sudan","5312","Area harvested","01290.90","Other vegetables, fresh n.e.c.","2013","2013","ha","50000","E","Estimated value",""
"QCL","Crops and livestock products","728","South Sudan","5412","Yield","01290.90","Other vegetables, fresh n.e.c.","2013","2013","kg/ha","7000","E","Estimated value",""
"QCL","Crops and livestock products","728","South Sudan","5510","Production","01290.90","Other vegetables, fresh n.e.c.","2013","2013","t","350000","E","Estimated value",""
"QCL","Crops and livestock products","728","South Sudan","5312","Area harvested","01290.90","Other vegetables, fresh n.e.c.","2014","2014","ha","52000","E","Estimated value",""
"QCL","Crops and livestock products","728","South Sudan","5412","Yield","01290.90","Other vegetables, fresh n.e.c.","2014","2014","kg/ha","7788.5","E","Estimated value",""
"QCL","Crops and livestock products","728","South Sudan","5510","Production","01290.90","Other vegetables, fresh n.e.c.","2014","2014","t","405000","E","Estimated value",""
"QCL","Crops and livestock products","728","South Sudan","5312","Area harvested","01290.90","Other vegetables, fresh n.e.c.","2015","2015","ha","56539","I","Value imputed by a receiving agency",""
"QCL","Crops and livestock products","728","South Sudan","5412","Yield","01290.90","Other vegetables, fresh n.e.c.","2015","2015","kg/ha","8293.1","E","Estimated value",""
"QCL","Crops and livestock products","728","South Sudan","5510","Production","01290.90","Other vegetables, fresh n.e.c.","2015","2015","t","468883.52","I","Value imputed by a receiving agency",""
"QCL","Crops and livestock products","728","South Sudan","5312","Area harvested","01290.90","Other vegetables, fresh n.e.c.","2016","2016","ha","52846","E","Estimated value",""
"QCL","Crops and livestock products","728","South Sudan","5412","Yield","01290.90","Other vegetables, fresh n.e.c.","2016","2016","kg/ha","7719.8","E","Estimated value",""
"QCL","Crops and livestock products","728","South Sudan","5510","Production","01290.90","Other vegetables, fresh n.e.c.","2016","2016","t","407961.17","E","Estimated value",""
"QCL","Crops and livestock products","728","South Sudan","5312","Area harvested","01290.90","Other vegetables, fresh n.e.c.","2017","2017","ha","55230","I","Value imputed by a receiving agency",""
"QCL","Crops and livestock products","728","South Sudan","5412","Yield","01290.90","Other vegetables, fresh n.e.c.","2017","2017","kg/ha","7892.4","E","Estimated value",""
"QCL","Crops and livestock products","728","South Sudan","5510","Production","01290.90","Other vegetables, fresh n.e.c.","2017","2017","t","435900.36","I","Value imputed by a receiving agency",""
"QCL","Crops and livestock products","728","South Sudan","5312","Area harvested","01290.90","Other vegetables, fresh n.e.c.","2018","2018","ha","55712","I","Value imputed by a receiving agency",""
"QCL","Crops and livestock products","728","South Sudan","5412","Yield","01290.90","Other vegetables, fresh n.e.c.","2018","2018","kg/ha","8032.4","E","Estimated value",""
"QCL","Crops and livestock products","728","South Sudan","5510","Production","01290.90","Other vegetables, fresh n.e.c.","2018","2018","t","447503.96","I","Value imputed by a receiving agency",""
"QCL","Crops and livestock products","728","South Sudan","5312","Area harvested","01290.90","Other vegetables, fresh n.e.c.","2019","2019","ha","56546","I","Value imputed by a receiving agency",""
"QCL","Crops and livestock products","728","South Sudan","5412","Yield","01290.90","Other vegetables, fresh n.e.c.","2019","2019","kg/ha","7612.5","E","Estimated value",""
"QCL","Crops and livestock products","728","South Sudan","5510","Production","01290.90","Other vegetables, fresh n.e.c.","2019","2019","t","430455.17","E","Estimated value",""
"QCL","Crops and livestock products","728","South Sudan","5312","Area harvested","01290.90","Other vegetables, fresh n.e.c.","2020","2020","ha","57855","I","Value imputed by a receiving agency",""
"QCL","Crops and livestock products","728","South Sudan","5412","Yield","01290.90","Other vegetables, fresh n.e.c.","2020","2020","kg/ha","7512.5","E","Estimated value",""
"QCL","Crops and livestock products","728","South Sudan","5510","Production","01290.90","Other vegetables, fresh n.e.c.","2020","2020","t","434640.78","I","Value imputed by a receiving agency",""
"QCL","Crops and livestock products","728","South Sudan","5312","Area harvested","01290.90","Other vegetables, fresh n.e.c.","2021","2021","ha","56704","E","Estimated value",""
"QCL","Crops and livestock products","728","South Sudan","5412","Yield","01290.90","Other vegetables, fresh n.e.c.","2021","2021","kg/ha","7716","E","Estimated value",""
"QCL","Crops and livestock products","728","South Sudan","5510","Production","01290.90","Other vegetables, fresh n.e.c.","2021","2021","t","437533.3","E","Estimated value",""
"QCL","Crops and livestock products","728","South Sudan","5312","Area harvested","01290.90","Other vegetables, fresh n.e.c.","2022","2022","ha","57035","E","Estimated value",""
"QCL","Crops and livestock products","728","South Sudan","5412","Yield","01290.90","Other vegetables, fresh n.e.c.","2022","2022","kg/ha","7613","E","Estimated value",""
"QCL","Crops and livestock products","728","South Sudan","5510","Production","01290.90","Other vegetables, fresh n.e.c.","2022","2022","t","434209.75","E","Estimated value",""
"QCL","Crops and livestock products","728","South Sudan","5312","Area harvested","01290.90","Other vegetables, fresh n.e.c.","2023","2023","ha","57198","E","Estimated value",""
"QCL","Crops and livestock products","728","South Sudan","5412","Yield","01290.90","Other vegetables, fresh n.e.c.","2023","2023","kg/ha","7613.2","E","Estimated value",""
"QCL","Crops and livestock products","728","South Sudan","5510","Production","01290.90","Other vegetables, fresh n.e.c.","2023","2023","t","435461.28","E","Estimated value",""
"QCL","Crops and livestock products","728","South Sudan","5312","Area harvested","01290.90","Other vegetables, fresh n.e.c.","2024","2024","ha","56979","E","Estimated value",""
"QCL","Crops and livestock products","728","South Sudan","5412","Yield","01290.90","Other vegetables, fresh n.e.c.","2024","2024","kg/ha","7647.2","E","Estimated value",""
"QCL","Crops and livestock products","728","South Sudan","5510","Production","01290.90","Other vegetables, fresh n.e.c.","2024","2024","t","435734.78","E","Estimated value",""
"QCL","Crops and livestock products","728","South Sudan","5312","Area harvested","01318","Pineapples","2012","2012","ha","800","E","Estimated value",""
"QCL","Crops and livestock products","728","South Sudan","5412","Yield","01318","Pineapples","2012","2012","kg/ha","3750","E","Estimated value",""
"QCL","Crops and livestock products","728","South Sudan","5510","Production","01318","Pineapples","2012","2012","t","3000","E","Estimated value",""
"QCL","Crops and livestock products","728","South Sudan","5312","Area harvested","01318","Pineapples","2013","2013","ha","1000","E","Estimated value",""
"QCL","Crops and livestock products","728","South Sudan","5412","Yield","01318","Pineapples","2013","2013","kg/ha","3500","E","Estimated value",""
"QCL","Crops and livestock products","728","South Sudan","5510","Production","01318","Pineapples","2013","2013","t","3500","E","Estimated value",""
"QCL","Crops and livestock products","728","South Sudan","5312","Area harvested","01318","Pineapples","2014","2014","ha","1000","E","Estimated value",""
"QCL","Crops and livestock products","728","South Sudan","5412","Yield","01318","Pineapples","2014","2014","kg/ha","4000","E","Estimated value",""
"QCL","Crops and livestock products","728","South Sudan","5510","Production","01318","Pineapples","2014","2014","t","4000","E","Estimated value",""
"QCL","Crops and livestock products","728","South Sudan","5312","Area harvested","01318","Pineapples","2015","2015","ha","1170","I","Value imputed by a receiving agency",""
"QCL","Crops and livestock products","728","South Sudan","5412","Yield","01318","Pineapples","2015","2015","kg/ha","3847.8","E","Estimated value",""
"QCL","Crops and livestock products","728","South Sudan","5510","Production","01318","Pineapples","2015","2015","t","4500","I","Value imputed by a receiving agency",""
"QCL","Crops and livestock products","728","South Sudan","5312","Area harvested","01318","Pineapples","2016","2016","ha","1057","E","Estimated value",""
"QCL","Crops and livestock products","728","South Sudan","5412","Yield","01318","Pineapples","2016","2016","kg/ha","3786.1","E","Estimated value",""
"QCL","Crops and livestock products","728","South Sudan","5510","Production","01318","Pineapples","2016","2016","t","4000","E","Estimated value",""
"QCL","Crops and livestock products","728","South Sudan","5312","Area harvested","01318","Pineapples","2017","2017","ha","1088","I","Value imputed by a receiving agency",""
"QCL","Crops and livestock products","728","South Sudan","5412","Yield","01318","Pineapples","2017","2017","kg/ha","3869.8","E","Estimated value",""
"QCL","Crops and livestock products","728","South Sudan","5510","Production","01318","Pineapples","2017","2017","t","4210.12","I","Value imputed by a receiving agency",""
"QCL","Crops and livestock products","728","South Sudan","5312","Area harvested","01318","Pineapples","2018","2018","ha","1103","I","Value imputed by a receiving agency",""
"QCL","Crops and livestock products","728","South Sudan","5412","Yield","01318","Pineapples","2018","2018","kg/ha","3886.5","E","Estimated value",""
"QCL","Crops and livestock products","728","South Sudan","5510","Production","01318","Pineapples","2018","2018","t","4284.96","I","Value imputed by a receiving agency",""
"QCL","Crops and livestock products","728","South Sudan","5312","Area harvested","01318","Pineapples","2019","2019","ha","1130","I","Value imputed by a receiving agency",""
"QCL","Crops and livestock products","728","South Sudan","5412","Yield","01318","Pineapples","2019","2019","kg/ha","3686.7","E","Estimated value",""
"QCL","Crops and livestock products","728","South Sudan","5510","Production","01318","Pineapples","2019","2019","t","4165.03","E","Estimated value",""
"QCL","Crops and livestock products","728","South Sudan","5312","Area harvested","01318","Pineapples","2020","2020","ha","1095","I","Value imputed by a receiving agency",""
"QCL","Crops and livestock products","728","South Sudan","5412","Yield","01318","Pineapples","2020","2020","kg/ha","3814.2","E","Estimated value",""
"QCL","Crops and livestock products","728","South Sudan","5510","Production","01318","Pineapples","2020","2020","t","4177.31","I","Value imputed by a receiving agency",""
"QCL","Crops and livestock products","728","South Sudan","5312","Area harvested","01318","Pineapples","2021","2021","ha","1109","E","Estimated value",""
"QCL","Crops and livestock products","728","South Sudan","5412","Yield","01318","Pineapples","2021","2021","kg/ha","3794.9","E","Estimated value",""
"QCL","Crops and livestock products","728","South Sudan","5510","Production","01318","Pineapples","2021","2021","t","4209.1","E","Estimated value",""
"QCL","Crops and livestock products","728","South Sudan","5312","Area harvested","01318","Pineapples","2022","2022","ha","1111","E","Estimated value",""
"QCL","Crops and livestock products","728","South Sudan","5412","Yield","01318","Pineapples","2022","2022","kg/ha","3764.6","E","Estimated value",""
"QCL","Crops and livestock products","728","South Sudan","5510","Production","01318","Pineapples","2022","2022","t","4183.81","E","Estimated value",""
"QCL","Crops and livestock products","728","South Sudan","5312","Area harvested","01318","Pineapples","2023","2023","ha","1105","E","Estimated value",""
"QCL","Crops and livestock products","728","South Sudan","5412","Yield","01318","Pineapples","2023","2023","kg/ha","3791.1","E","Estimated value",""
"QCL","Crops and livestock products","728","South Sudan","5510","Production","01318","Pineapples","2023","2023","t","4190.07","E","Estimated value",""
"QCL","Crops and livestock products","728","South Sudan","5312","Area harvested","01318","Pineapples","2024","2024","ha","1109","E","Estimated value",""
"QCL","Crops and livestock products","728","South Sudan","5412","Yield","01318","Pineapples","2024","2024","kg/ha","3783.5","E","Estimated value",""
"QCL","Crops and livestock products","728","South Sudan","5510","Production","01318","Pineapples","2024","2024","t","4194.33","E","Estimated value",""
"QCL","Crops and livestock products","728","South Sudan","5312","Area harvested","01235","Pumpkins, squash and gourds","2012","2012","ha","3000","E","Estimated value",""
"QCL","Crops and livestock products","728","South Sudan","5412","Yield","01235","Pumpkins, squash and gourds","2012","2012","kg/ha","16666.7","E","Estimated value",""
"QCL","Crops and livestock products","728","South Sudan","5510","Production","01235","Pumpkins, squash and gourds","2012","2012","t","50000","E","Estimated value",""
"QCL","Crops and livestock products","728","South Sudan","5312","Area harvested","01235","Pumpkins, squash and gourds","2013","2013","ha","4000","E","Estimated value",""
"QCL","Crops and livestock products","728","South Sudan","5412","Yield","01235","Pumpkins, squash and gourds","2013","2013","kg/ha","14500","E","Estimated value",""
"QCL","Crops and livestock products","728","South Sudan","5510","Production","01235","Pumpkins, squash and gourds","2013","2013","t","58000","E","Estimated value",""
"QCL","Crops and livestock products","728","South Sudan","5312","Area harvested","01235","Pumpkins, squash and gourds","2014","2014","ha","4000","E","Estimated value",""
"QCL","Crops and livestock products","728","South Sudan","5412","Yield","01235","Pumpkins, squash and gourds","2014","2014","kg/ha","16250","E","Estimated value",""
"QCL","Crops and livestock products","728","South Sudan","5510","Production","01235","Pumpkins, squash and gourds","2014","2014","t","65000","E","Estimated value",""
"QCL","Crops and livestock products","728","South Sudan","5312","Area harvested","01235","Pumpkins, squash and gourds","2015","2015","ha","4531","I","Value imputed by a receiving agency",""
"QCL","Crops and livestock products","728","South Sudan","5412","Yield","01235","Pumpkins, squash and gourds","2015","2015","kg/ha","15951.4","E","Estimated value",""
"QCL","Crops and livestock products","728","South Sudan","5510","Production","01235","Pumpkins, squash and gourds","2015","2015","t","72273.38","I","Value imputed by a receiving agency",""
"QCL","Crops and livestock products","728","South Sudan","5312","Area harvested","01235","Pumpkins, squash and gourds","2016","2016","ha","4177","E","Estimated value",""
"QCL","Crops and livestock products","728","South Sudan","5412","Yield","01235","Pumpkins, squash and gourds","2016","2016","kg/ha","15583.4","E","Estimated value",""
"QCL","Crops and livestock products","728","South Sudan","5510","Production","01235","Pumpkins, squash and gourds","2016","2016","t","65091.13","E","Estimated value",""
"QCL","Crops and livestock products","728","South Sudan","5312","Area harvested","01235","Pumpkins, squash and gourds","2017","2017","ha","4322","I","Value imputed by a receiving agency",""
"QCL","Crops and livestock products","728","South Sudan","5412","Yield","01235","Pumpkins, squash and gourds","2017","2017","kg/ha","15814.5","E","Estimated value",""
"QCL","Crops and livestock products","728","South Sudan","5510","Production","01235","Pumpkins, squash and gourds","2017","2017","t","68342.3","I","Value imputed by a receiving agency",""
"QCL","Crops and livestock products","728","South Sudan","5312","Area harvested","01235","Pumpkins, squash and gourds","2018","2018","ha","4405","I","Value imputed by a receiving agency",""
"QCL","Crops and livestock products","728","South Sudan","5412","Yield","01235","Pumpkins, squash and gourds","2018","2018","kg/ha","15789.6","E","Estimated value",""
"QCL","Crops and livestock products","728","South Sudan","5510","Production","01235","Pumpkins, squash and gourds","2018","2018","t","69553.58","I","Value imputed by a receiving agency",""
"QCL","Crops and livestock products","728","South Sudan","5312","Area harvested","01235","Pumpkins, squash and gourds","2019","2019","ha","4301","E","Estimated value",""
"QCL","Crops and livestock products","728","South Sudan","5412","Yield","01235","Pumpkins, squash and gourds","2019","2019","kg/ha","15731.2","E","Estimated value",""
"QCL","Crops and livestock products","728","South Sudan","5510","Production","01235","Pumpkins, squash and gourds","2019","2019","t","67662.33","E","Estimated value",""
"QCL","Crops and livestock products","728","South Sudan","5312","Area harvested","01235","Pumpkins, squash and gourds","2020","2020","ha","4311","I","Value imputed by a receiving agency",""
"QCL","Crops and livestock products","728","South Sudan","5412","Yield","01235","Pumpkins, squash and gourds","2020","2020","kg/ha","15777.7","E","Estimated value",""
"QCL","Crops and livestock products","728","South Sudan","5510","Production","01235","Pumpkins, squash and gourds","2020","2020","t","68015.35","I","Value imputed by a receiving agency",""
"QCL","Crops and livestock products","728","South Sudan","5312","Area harvested","01235","Pumpkins, squash and gourds","2021","2021","ha","4339","E","Estimated value",""
"QCL","Crops and livestock products","728","South Sudan","5412","Yield","01235","Pumpkins, squash and gourds","2021","2021","kg/ha","15766.4","E","Estimated value",""
"QCL","Crops and livestock products","728","South Sudan","5510","Production","01235","Pumpkins, squash and gourds","2021","2021","t","68410.42","E","Estimated value",""
"QCL","Crops and livestock products","728","South Sudan","5312","Area harvested","01235","Pumpkins, squash and gourds","2022","2022","ha","4317","E","Estimated value",""
"QCL","Crops and livestock products","728","South Sudan","5412","Yield","01235","Pumpkins, squash and gourds","2022","2022","kg/ha","15758.5","E","Estimated value",""
"QCL","Crops and livestock products","728","South Sudan","5510","Production","01235","Pumpkins, squash and gourds","2022","2022","t","68029.37","E","Estimated value",""
"QCL","Crops and livestock products","728","South Sudan","5312","Area harvested","01235","Pumpkins, squash and gourds","2023","2023","ha","4322","E","Estimated value",""
"QCL","Crops and livestock products","728","South Sudan","5412","Yield","01235","Pumpkins, squash and gourds","2023","2023","kg/ha","15767.5","E","Estimated value",""
"QCL","Crops and livestock products","728","South Sudan","5510","Production","01235","Pumpkins, squash and gourds","2023","2023","t","68151.71","E","Estimated value",""
"QCL","Crops and livestock products","728","South Sudan","5312","Area harvested","01235","Pumpkins, squash and gourds","2024","2024","ha","4326","E","Estimated value",""
"QCL","Crops and livestock products","728","South Sudan","5412","Yield","01235","Pumpkins, squash and gourds","2024","2024","kg/ha","15764.1","E","Estimated value",""
"QCL","Crops and livestock products","728","South Sudan","5510","Production","01235","Pumpkins, squash and gourds","2024","2024","t","68197.16","E","Estimated value",""
"QCL","Crops and livestock products","728","South Sudan","5510","Production","2351f","Raw cane or beet sugar (centrifugal only)","2012","2012","t","","M","Missing value; data cannot exist",""
"QCL","Crops and livestock products","728","South Sudan","5510","Production","2351f","Raw cane or beet sugar (centrifugal only)","2013","2013","t","","M","Missing value; data cannot exist",""
"QCL","Crops and livestock products","728","South Sudan","5510","Production","2351f","Raw cane or beet sugar (centrifugal only)","2014","2014","t","","M","Missing value; data cannot exist",""
"QCL","Crops and livestock products","728","South Sudan","5510","Production","2351f","Raw cane or beet sugar (centrifugal only)","2015","2015","t","","M","Missing value; data cannot exist",""
"QCL","Crops and livestock products","728","South Sudan","5510","Production","2351f","Raw cane or beet sugar (centrifugal only)","2016","2016","t","","M","Missing value; data cannot exist",""
"QCL","Crops and livestock products","728","South Sudan","5510","Production","2351f","Raw cane or beet sugar (centrifugal only)","2017","2017","t","","M","Missing value; data cannot exist",""
"QCL","Crops and livestock products","728","South Sudan","5510","Production","2351f","Raw cane or beet sugar (centrifugal only)","2018","2018","t","","M","Missing value; data cannot exist",""
"QCL","Crops and livestock products","728","South Sudan","5312","Area harvested","0113","Rice","2012","2012","ha","","M","Missing value; data cannot exist",""
"QCL","Crops and livestock products","728","South Sudan","5510","Production","0113","Rice","2012","2012","t","","M","Missing value; data cannot exist",""
"QCL","Crops and livestock products","728","South Sudan","5312","Area harvested","0113","Rice","2013","2013","ha","","M","Missing value; data cannot exist",""
"QCL","Crops and livestock products","728","South Sudan","5510","Production","0113","Rice","2013","2013","t","","M","Missing value; data cannot exist",""
"QCL","Crops and livestock products","728","South Sudan","5312","Area harvested","0113","Rice","2014","2014","ha","","M","Missing value; data cannot exist",""
"QCL","Crops and livestock products","728","South Sudan","5510","Production","0113","Rice","2014","2014","t","","M","Missing value; data cannot exist",""
"QCL","Crops and livestock products","728","South Sudan","5312","Area harvested","0113","Rice","2015","2015","ha","17299","A","Official value",""
"QCL","Crops and livestock products","728","South Sudan","5412","Yield","0113","Rice","2015","2015","kg/ha","907.3","A","Official value",""
"QCL","Crops and livestock products","728","South Sudan","5510","Production","0113","Rice","2015","2015","t","15695","A","Official value",""
"QCL","Crops and livestock products","728","South Sudan","5312","Area harvested","0113","Rice","2016","2016","ha","16008","A","Official value",""
"QCL","Crops and livestock products","728","South Sudan","5412","Yield","0113","Rice","2016","2016","kg/ha","879.1","A","Official value",""
"QCL","Crops and livestock products","728","South Sudan","5510","Production","0113","Rice","2016","2016","t","14073","A","Official value",""
"QCL","Crops and livestock products","728","South Sudan","5312","Area harvested","0113","Rice","2017","2017","ha","14710","A","Official value",""
"QCL","Crops and livestock products","728","South Sudan","5412","Yield","0113","Rice","2017","2017","kg/ha","885.2","A","Official value",""
"QCL","Crops and livestock products","728","South Sudan","5510","Production","0113","Rice","2017","2017","t","13022","A","Official value",""
"QCL","Crops and livestock products","728","South Sudan","5312","Area harvested","0113","Rice","2018","2018","ha","15048","A","Official value",""
"QCL","Crops and livestock products","728","South Sudan","5412","Yield","0113","Rice","2018","2018","kg/ha","852","A","Official value",""
"QCL","Crops and livestock products","728","South Sudan","5510","Production","0113","Rice","2018","2018","t","12821","A","Official value",""
"QCL","Crops and livestock products","728","South Sudan","5312","Area harvested","0113","Rice","2019","2019","ha","27886","A","Official value",""
"QCL","Crops and livestock products","728","South Sudan","5412","Yield","0113","Rice","2019","2019","kg/ha","880.5","A","Official value",""
"QCL","Crops and livestock products","728","South Sudan","5510","Production","0113","Rice","2019","2019","t","24555","A","Official value",""
"QCL","Crops and livestock products","728","South Sudan","5312","Area harvested","0113","Rice","2020","2020","ha","29642","A","Official value",""
"QCL","Crops and livestock products","728","South Sudan","5412","Yield","0113","Rice","2020","2020","kg/ha","885","A","Official value",""
"QCL","Crops and livestock products","728","South Sudan","5510","Production","0113","Rice","2020","2020","t","26232","A","Official value",""
"QCL","Crops and livestock products","728","South Sudan","5312","Area harvested","0113","Rice","2021","2021","ha","30718","A","Official value",""
"QCL","Crops and livestock products","728","South Sudan","5412","Yield","0113","Rice","2021","2021","kg/ha","847.2","A","Official value",""
"QCL","Crops and livestock products","728","South Sudan","5510","Production","0113","Rice","2021","2021","t","26024","A","Official value",""
"QCL","Crops and livestock products","728","South Sudan","5312","Area harvested","0113","Rice","2022","2022","ha","30718","A","Official value",""
"QCL","Crops and livestock products","728","South Sudan","5412","Yield","0113","Rice","2022","2022","kg/ha","1188.7","A","Official value",""
"QCL","Crops and livestock products","728","South Sudan","5510","Production","0113","Rice","2022","2022","t","36515","A","Official value",""
"QCL","Crops and livestock products","728","South Sudan","5312","Area harvested","0113","Rice","2023","2023","ha","30285","I","Value imputed by a receiving agency",""
"QCL","Crops and livestock products","728","South Sudan","5412","Yield","0113","Rice","2023","2023","kg/ha","1089.6","E","Estimated value",""
"QCL","Crops and livestock products","728","South Sudan","5510","Production","0113","Rice","2023","2023","t","33000","X","Value from external organization","Unofficial figure"
"QCL","Crops and livestock products","728","South Sudan","5312","Area harvested","0113","Rice","2024","2024","ha","38453","I","Value imputed by a receiving agency",""
"QCL","Crops and livestock products","728","South Sudan","5412","Yield","0113","Rice","2024","2024","kg/ha","988.2","E","Estimated value",""
"QCL","Crops and livestock products","728","South Sudan","5510","Production","0113","Rice","2024","2024","t","38000","X","Value from external organization","Unofficial figure"
"QCL","Crops and livestock products","728","South Sudan","5312","Area harvested","01444","Sesame seed","2012","2012","ha","750000","E","Estimated value",""
"QCL","Crops and livestock products","728","South Sudan","5412","Yield","01444","Sesame seed","2012","2012","kg/ha","266.7","E","Estimated value",""
"QCL","Crops and livestock products","728","South Sudan","5510","Production","01444","Sesame seed","2012","2012","t","200000","E","Estimated value",""
"QCL","Crops and livestock products","728","South Sudan","5312","Area harvested","01444","Sesame seed","2013","2013","ha","700000","E","Estimated value",""
"QCL","Crops and livestock products","728","South Sudan","5412","Yield","01444","Sesame seed","2013","2013","kg/ha","321.4","E","Estimated value",""
"QCL","Crops and livestock products","728","South Sudan","5510","Production","01444","Sesame seed","2013","2013","t","225000","E","Estimated value",""
"QCL","Crops and livestock products","728","South Sudan","5312","Area harvested","01444","Sesame seed","2014","2014","ha","580000","E","Estimated value",""
"QCL","Crops and livestock products","728","South Sudan","5412","Yield","01444","Sesame seed","2014","2014","kg/ha","301.7","E","Estimated value",""
"QCL","Crops and livestock products","728","South Sudan","5510","Production","01444","Sesame seed","2014","2014","t","175000","E","Estimated value",""
"QCL","Crops and livestock products","728","South Sudan","5312","Area harvested","01444","Sesame seed","2015","2015","ha","616146","I","Value imputed by a receiving agency",""
"QCL","Crops and livestock products","728","South Sudan","5412","Yield","01444","Sesame seed","2015","2015","kg/ha","307.6","E","Estimated value",""
"QCL","Crops and livestock products","728","South Sudan","5510","Production","01444","Sesame seed","2015","2015","t","189510.25","I","Value imputed by a receiving agency",""
"QCL","Crops and livestock products","728","South Sudan","5312","Area harvested","01444","Sesame seed","2016","2016","ha","632049","E","Estimated value",""
"QCL","Crops and livestock products","728","South Sudan","5412","Yield","01444","Sesame seed","2016","2016","kg/ha","297.6","E","Estimated value",""
"QCL","Crops and livestock products","728","South Sudan","5510","Production","01444","Sesame seed","2016","2016","t","188099.73","I","Value imputed by a receiving agency",""
"QCL","Crops and livestock products","728","South Sudan","5312","Area harvested","01444","Sesame seed","2017","2017","ha","602792","I","Value imputed by a receiving agency",""
"QCL","Crops and livestock products","728","South Sudan","5412","Yield","01444","Sesame seed","2017","2017","kg/ha","304.6","E","Estimated value",""
"QCL","Crops and livestock products","728","South Sudan","5510","Production","01444","Sesame seed","2017","2017","t","183582.46","I","Value imputed by a receiving agency",""
"QCL","Crops and livestock products","728","South Sudan","5312","Area harvested","01444","Sesame seed","2018","2018","ha","616995","E","Estimated value",""
"QCL","Crops and livestock products","728","South Sudan","5412","Yield","01444","Sesame seed","2018","2018","kg/ha","294","E","Estimated value",""
"QCL","Crops and livestock products","728","South Sudan","5510","Production","01444","Sesame seed","2018","2018","t","181426.82","I","Value imputed by a receiving agency",""
"QCL","Crops and livestock products","728","South Sudan","5312","Area harvested","01444","Sesame seed","2019","2019","ha","596978","I","Value imputed by a receiving agency",""
"QCL","Crops and livestock products","728","South Sudan","5412","Yield","01444","Sesame seed","2019","2019","kg/ha","300.3","E","Estimated value",""
"QCL","Crops and livestock products","728","South Sudan","5510","Production","01444","Sesame seed","2019","2019","t","179253.92","I","Value imputed by a receiving agency",""
"QCL","Crops and livestock products","728","South Sudan","5312","Area harvested","01444","Sesame seed","2020","2020","ha","605588","E","Estimated value",""
"QCL","Crops and livestock products","728","South Sudan","5412","Yield","01444","Sesame seed","2020","2020","kg/ha","292.1","E","Estimated value",""
"QCL","Crops and livestock products","728","South Sudan","5510","Production","01444","Sesame seed","2020","2020","t","176879.15","I","Value imputed by a receiving agency",""
"QCL","Crops and livestock products","728","South Sudan","5312","Area harvested","01444","Sesame seed","2021","2021","ha","606521","E","Estimated value",""
"QCL","Crops and livestock products","728","South Sudan","5412","Yield","01444","Sesame seed","2021","2021","kg/ha","291.6","E","Estimated value",""
"QCL","Crops and livestock products","728","South Sudan","5510","Production","01444","Sesame seed","2021","2021","t","176846.25","I","Value imputed by a receiving agency",""
"QCL","Crops and livestock products","728","South Sudan","5312","Area harvested","01444","Sesame seed","2022","2022","ha","603029","E","Estimated value",""
"QCL","Crops and livestock products","728","South Sudan","5412","Yield","01444","Sesame seed","2022","2022","kg/ha","296.1","E","Estimated value",""
"QCL","Crops and livestock products","728","South Sudan","5510","Production","01444","Sesame seed","2022","2022","t","178535.01","I","Value imputed by a receiving agency",""
"QCL","Crops and livestock products","728","South Sudan","5312","Area harvested","01444","Sesame seed","2023","2023","ha","605046","E","Estimated value",""
"QCL","Crops and livestock products","728","South Sudan","5412","Yield","01444","Sesame seed","2023","2023","kg/ha","292.7","E","Estimated value",""
"QCL","Crops and livestock products","728","South Sudan","5510","Production","01444","Sesame seed","2023","2023","t","177073.67","I","Value imputed by a receiving agency",""
"QCL","Crops and livestock products","728","South Sudan","5312","Area harvested","01444","Sesame seed","2024","2024","ha","604865","E","Estimated value",""
"QCL","Crops and livestock products","728","South Sudan","5412","Yield","01444","Sesame seed","2024","2024","kg/ha","290.3","E","Estimated value",""
"QCL","Crops and livestock products","728","South Sudan","5510","Production","01444","Sesame seed","2024","2024","t","175612.33","I","Value imputed by a receiving agency",""
"QCL","Crops and livestock products","728","South Sudan","5312","Area harvested","0114","Sorghum","2012","2012","ha","843000","X","Value from external organization","Unofficial figure"
"QCL","Crops and livestock products","728","South Sudan","5412","Yield","0114","Sorghum","2012","2012","kg/ha","771.1","X","Value from external organization",""
"QCL","Crops and livestock products","728","South Sudan","5510","Production","0114","Sorghum","2012","2012","t","650000","X","Value from external organization","Unofficial figure"
"QCL","Crops and livestock products","728","South Sudan","5312","Area harvested","0114","Sorghum","2013","2013","ha","841000","X","Value from external organization","Unofficial figure"
"QCL","Crops and livestock products","728","South Sudan","5412","Yield","0114","Sorghum","2013","2013","kg/ha","856.1","X","Value from external organization",""
"QCL","Crops and livestock products","728","South Sudan","5510","Production","0114","Sorghum","2013","2013","t","720000","X","Value from external organization","Unofficial figure"
"QCL","Crops and livestock products","728","South Sudan","5312","Area harvested","0114","Sorghum","2014","2014","ha","724500","X","Value from external organization","Unofficial figure"
"QCL","Crops and livestock products","728","South Sudan","5412","Yield","0114","Sorghum","2014","2014","kg/ha","1366.5","X","Value from external organization",""
"QCL","Crops and livestock products","728","South Sudan","5510","Production","0114","Sorghum","2014","2014","t","990000","X","Value from external organization","Unofficial figure"
"QCL","Crops and livestock products","728","South Sudan","5312","Area harvested","0114","Sorghum","2015","2015","ha","728921","A","Official value",""
"QCL","Crops and livestock products","728","South Sudan","5412","Yield","0114","Sorghum","2015","2015","kg/ha","907.3","A","Official value",""
"QCL","Crops and livestock products","728","South Sudan","5510","Production","0114","Sorghum","2015","2015","t","661356","A","Official value",""
"QCL","Crops and livestock products","728","South Sudan","5312","Area harvested","0114","Sorghum","2016","2016","ha","674539","A","Official value",""
"QCL","Crops and livestock products","728","South Sudan","5412","Yield","0114","Sorghum","2016","2016","kg/ha","879.1","A","Official value",""
"QCL","Crops and livestock products","728","South Sudan","5510","Production","0114","Sorghum","2016","2016","t","592998","A","Official value",""
"QCL","Crops and livestock products","728","South Sudan","5312","Area harvested","0114","Sorghum","2017","2017","ha","619855","A","Official value",""
"QCL","Crops and livestock products","728","South Sudan","5412","Yield","0114","Sorghum","2017","2017","kg/ha","885.2","A","Official value",""
"QCL","Crops and livestock products","728","South Sudan","5510","Production","0114","Sorghum","2017","2017","t","548692","A","Official value",""
"QCL","Crops and livestock products","728","South Sudan","5312","Area harvested","0114","Sorghum","2018","2018","ha","634067","A","Official value",""
"QCL","Crops and livestock products","728","South Sudan","5412","Yield","0114","Sorghum","2018","2018","kg/ha","850","A","Official value",""
"QCL","Crops and livestock products","728","South Sudan","5510","Production","0114","Sorghum","2018","2018","t","538957","A","Official value",""
"QCL","Crops and livestock products","728","South Sudan","5312","Area harvested","0114","Sorghum","2019","2019","ha","671134","A","Official value",""
"QCL","Crops and livestock products","728","South Sudan","5412","Yield","0114","Sorghum","2019","2019","kg/ha","880.5","A","Official value",""
"QCL","Crops and livestock products","728","South Sudan","5510","Production","0114","Sorghum","2019","2019","t","590947","A","Official value",""
"QCL","Crops and livestock products","728","South Sudan","5312","Area harvested","0114","Sorghum","2020","2020","ha","712679","A","Official value",""
"QCL","Crops and livestock products","728","South Sudan","5412","Yield","0114","Sorghum","2020","2020","kg/ha","885.8","A","Official value",""
"QCL","Crops and livestock products","728","South Sudan","5510","Production","0114","Sorghum","2020","2020","t","631324","A","Official value",""
"QCL","Crops and livestock products","728","South Sudan","5312","Area harvested","0114","Sorghum","2021","2021","ha","700041","A","Official value",""
"QCL","Crops and livestock products","728","South Sudan","5412","Yield","0114","Sorghum","2021","2021","kg/ha","844.2","A","Official value",""
"QCL","Crops and livestock products","728","South Sudan","5510","Production","0114","Sorghum","2021","2021","t","591004","A","Official value",""
"QCL","Crops and livestock products","728","South Sudan","5312","Area harvested","0114","Sorghum","2022","2022","ha","700041","A","Official value",""
"QCL","Crops and livestock products","728","South Sudan","5412","Yield","0114","Sorghum","2022","2022","kg/ha","1084.9","A","Official value",""
"QCL","Crops and livestock products","728","South Sudan","5510","Production","0114","Sorghum","2022","2022","t","759469","A","Official value",""
"QCL","Crops and livestock products","728","South Sudan","5312","Area harvested","0114","Sorghum","2023","2023","ha","882975","I","Value imputed by a receiving agency",""
"QCL","Crops and livestock products","728","South Sudan","5412","Yield","0114","Sorghum","2023","2023","kg/ha","981.9","E","Estimated value",""
"QCL","Crops and livestock products","728","South Sudan","5510","Production","0114","Sorghum","2023","2023","t","867000","X","Value from external organization","Unofficial figure"
"QCL","Crops and livestock products","728","South Sudan","5312","Area harvested","0114","Sorghum","2024","2024","ha","1018687","I","Value imputed by a receiving agency",""
"QCL","Crops and livestock products","728","South Sudan","5412","Yield","0114","Sorghum","2024","2024","kg/ha","942.4","E","Estimated value",""
"QCL","Crops and livestock products","728","South Sudan","5510","Production","0114","Sorghum","2024","2024","t","960000","X","Value from external organization","Unofficial figure"
"QCL","Crops and livestock products","728","South Sudan","5312","Area harvested","01445","Sunflower seed","2012","2012","ha","25000","E","Estimated value",""
"QCL","Crops and livestock products","728","South Sudan","5412","Yield","01445","Sunflower seed","2012","2012","kg/ha","1520","E","Estimated value",""
"QCL","Crops and livestock products","728","South Sudan","5510","Production","01445","Sunflower seed","2012","2012","t","38000","E","Estimated value",""
"QCL","Crops and livestock products","728","South Sudan","5312","Area harvested","01445","Sunflower seed","2013","2013","ha","22000","E","Estimated value",""
"QCL","Crops and livestock products","728","South Sudan","5412","Yield","01445","Sunflower seed","2013","2013","kg/ha","2000","E","Estimated value",""
"QCL","Crops and livestock products","728","South Sudan","5510","Production","01445","Sunflower seed","2013","2013","t","44000","E","Estimated value",""
"QCL","Crops and livestock products","728","South Sudan","5312","Area harvested","01445","Sunflower seed","2014","2014","ha","32000","E","Estimated value",""
"QCL","Crops and livestock products","728","South Sudan","5412","Yield","01445","Sunflower seed","2014","2014","kg/ha","1562.5","E","Estimated value",""
"QCL","Crops and livestock products","728","South Sudan","5510","Production","01445","Sunflower seed","2014","2014","t","50000","E","Estimated value",""
"QCL","Crops and livestock products","728","South Sudan","5312","Area harvested","01445","Sunflower seed","2015","2015","ha","32793","I","Value imputed by a receiving agency",""
"QCL","Crops and livestock products","728","South Sudan","5412","Yield","01445","Sunflower seed","2015","2015","kg/ha","1707.7","E","Estimated value",""
"QCL","Crops and livestock products","728","South Sudan","5510","Production","01445","Sunflower seed","2015","2015","t","56000","I","Value imputed by a receiving agency",""
"QCL","Crops and livestock products","728","South Sudan","5312","Area harvested","01445","Sunflower seed","2016","2016","ha","28931","E","Estimated value",""
"QCL","Crops and livestock products","728","South Sudan","5412","Yield","01445","Sunflower seed","2016","2016","kg/ha","1728.2","E","Estimated value",""
"QCL","Crops and livestock products","728","South Sudan","5510","Production","01445","Sunflower seed","2016","2016","t","50000","E","Estimated value",""
"QCL","Crops and livestock products","728","South Sudan","5312","Area harvested","01445","Sunflower seed","2017","2017","ha","30488","I","Value imputed by a receiving agency",""
"QCL","Crops and livestock products","728","South Sudan","5412","Yield","01445","Sunflower seed","2017","2017","kg/ha","1729.3","E","Estimated value",""
"QCL","Crops and livestock products","728","South Sudan","5510","Production","01445","Sunflower seed","2017","2017","t","52721.1","I","Value imputed by a receiving agency",""
"QCL","Crops and livestock products","728","South Sudan","5312","Area harvested","01445","Sunflower seed","2018","2018","ha","30886","I","Value imputed by a receiving agency",""
"QCL","Crops and livestock products","728","South Sudan","5412","Yield","01445","Sunflower seed","2018","2018","kg/ha","1744.4","E","Estimated value",""
"QCL","Crops and livestock products","728","South Sudan","5510","Production","01445","Sunflower seed","2018","2018","t","53876.97","I","Value imputed by a receiving agency",""
"QCL","Crops and livestock products","728","South Sudan","5312","Area harvested","01445","Sunflower seed","2019","2019","ha","30102","E","Estimated value",""
"QCL","Crops and livestock products","728","South Sudan","5412","Yield","01445","Sunflower seed","2019","2019","kg/ha","1734.1","E","Estimated value",""
"QCL","Crops and livestock products","728","South Sudan","5510","Production","01445","Sunflower seed","2019","2019","t","52199.36","E","Estimated value",""
"QCL","Crops and livestock products","728","South Sudan","5312","Area harvested","01445","Sunflower seed","2020","2020","ha","29960","I","Value imputed by a receiving agency",""
"QCL","Crops and livestock products","728","South Sudan","5412","Yield","01445","Sunflower seed","2020","2020","kg/ha","1753.1","E","Estimated value",""
"QCL","Crops and livestock products","728","South Sudan","5510","Production","01445","Sunflower seed","2020","2020","t","52523.74","I","Value imputed by a receiving agency",""
"QCL","Crops and livestock products","728","South Sudan","5312","Area harvested","01445","Sunflower seed","2021","2021","ha","30316","E","Estimated value",""
"QCL","Crops and livestock products","728","South Sudan","5412","Yield","01445","Sunflower seed","2021","2021","kg/ha","1743.9","E","Estimated value",""
"QCL","Crops and livestock products","728","South Sudan","5510","Production","01445","Sunflower seed","2021","2021","t","52866.69","E","Estimated value",""
"QCL","Crops and livestock products","728","South Sudan","5312","Area harvested","01445","Sunflower seed","2022","2022","ha","30126","E","Estimated value",""
"QCL","Crops and livestock products","728","South Sudan","5412","Yield","01445","Sunflower seed","2022","2022","kg/ha","1743.7","E","Estimated value",""
"QCL","Crops and livestock products","728","South Sudan","5510","Production","01445","Sunflower seed","2022","2022","t","52529.93","E","Estimated value",""
"QCL","Crops and livestock products","728","South Sudan","5312","Area harvested","01445","Sunflower seed","2023","2023","ha","30134","E","Estimated value",""
"QCL","Crops and livestock products","728","South Sudan","5412","Yield","01445","Sunflower seed","2023","2023","kg/ha","1746.9","E","Estimated value",""
"QCL","Crops and livestock products","728","South Sudan","5510","Production","01445","Sunflower seed","2023","2023","t","52640.12","E","Estimated value",""
"QCL","Crops and livestock products","728","South Sudan","5312","Area harvested","01445","Sunflower seed","2024","2024","ha","30192","E","Estimated value",""
"QCL","Crops and livestock products","728","South Sudan","5412","Yield","01445","Sunflower seed","2024","2024","kg/ha","1744.8","E","Estimated value",""
"QCL","Crops and livestock products","728","South Sudan","5510","Production","01445","Sunflower seed","2024","2024","t","52678.92","E","Estimated value",""
"QCL","Crops and livestock products","728","South Sudan","5510","Production","21631.01","Sunflower-seed oil, crude","2012","2012","t","36940.44","I","Value imputed by a receiving agency",""
"QCL","Crops and livestock products","728","South Sudan","5510","Production","21631.01","Sunflower-seed oil, crude","2013","2013","t","36940.44","I","Value imputed by a receiving agency",""
"QCL","Crops and livestock products","728","South Sudan","5510","Production","21631.01","Sunflower-seed oil, crude","2014","2014","t","15000","I","Value imputed by a receiving agency",""
"QCL","Crops and livestock products","728","South Sudan","5510","Production","21631.01","Sunflower-seed oil, crude","2015","2015","t","16800","I","Value imputed by a receiving agency",""
"QCL","Crops and livestock products","728","South Sudan","5510","Production","21631.01","Sunflower-seed oil, crude","2016","2016","t","15000","I","Value imputed by a receiving agency",""
"QCL","Crops and livestock products","728","South Sudan","5510","Production","21631.01","Sunflower-seed oil, crude","2017","2017","t","15600","I","Value imputed by a receiving agency",""
"QCL","Crops and livestock products","728","South Sudan","5510","Production","21631.01","Sunflower-seed oil, crude","2018","2018","t","15800","I","Value imputed by a receiving agency",""
"QCL","Crops and livestock products","728","South Sudan","5312","Area harvested","01324","Tangerines, mandarins, clementines","2012","2012","ha","1700","E","Estimated value",""
"QCL","Crops and livestock products","728","South Sudan","5412","Yield","01324","Tangerines, mandarins, clementines","2012","2012","kg/ha","7647.1","E","Estimated value",""
"QCL","Crops and livestock products","728","South Sudan","5510","Production","01324","Tangerines, mandarins, clementines","2012","2012","t","13000","E","Estimated value",""
"QCL","Crops and livestock products","728","South Sudan","5312","Area harvested","01324","Tangerines, mandarins, clementines","2013","2013","ha","1750","E","Estimated value",""
"QCL","Crops and livestock products","728","South Sudan","5412","Yield","01324","Tangerines, mandarins, clementines","2013","2013","kg/ha","8000","E","Estimated value",""
"QCL","Crops and livestock products","728","South Sudan","5510","Production","01324","Tangerines, mandarins, clementines","2013","2013","t","14000","E","Estimated value",""
"QCL","Crops and livestock products","728","South Sudan","5312","Area harvested","01324","Tangerines, mandarins, clementines","2014","2014","ha","1800","E","Estimated value",""
"QCL","Crops and livestock products","728","South Sudan","5412","Yield","01324","Tangerines, mandarins, clementines","2014","2014","kg/ha","8888.9","E","Estimated value",""
"QCL","Crops and livestock products","728","South Sudan","5510","Production","01324","Tangerines, mandarins, clementines","2014","2014","t","16000","E","Estimated value",""
"QCL","Crops and livestock products","728","South Sudan","5312","Area harvested","01324","Tangerines, mandarins, clementines","2015","2015","ha","1862","I","Value imputed by a receiving agency",""
"QCL","Crops and livestock products","728","South Sudan","5412","Yield","01324","Tangerines, mandarins, clementines","2015","2015","kg/ha","9413.7","E","Estimated value",""
"QCL","Crops and livestock products","728","South Sudan","5510","Production","01324","Tangerines, mandarins, clementines","2015","2015","t","17531.24","I","Value imputed by a receiving agency",""
"QCL","Crops and livestock products","728","South Sudan","5312","Area harvested","01324","Tangerines, mandarins, clementines","2016","2016","ha","1804","E","Estimated value",""
"QCL","Crops and livestock products","728","South Sudan","5412","Yield","01324","Tangerines, mandarins, clementines","2016","2016","kg/ha","8782.1","E","Estimated value",""
"QCL","Crops and livestock products","728","South Sudan","5510","Production","01324","Tangerines, mandarins, clementines","2016","2016","t","15843.75","E","Estimated value",""
"QCL","Crops and livestock products","728","South Sudan","5312","Area harvested","01324","Tangerines, mandarins, clementines","2017","2017","ha","1851","I","Value imputed by a receiving agency",""
"QCL","Crops and livestock products","728","South Sudan","5412","Yield","01324","Tangerines, mandarins, clementines","2017","2017","kg/ha","8952.7","E","Estimated value",""
"QCL","Crops and livestock products","728","South Sudan","5510","Production","01324","Tangerines, mandarins, clementines","2017","2017","t","16570.82","I","Value imputed by a receiving agency",""
"QCL","Crops and livestock products","728","South Sudan","5312","Area harvested","01324","Tangerines, mandarins, clementines","2018","2018","ha","1877","I","Value imputed by a receiving agency",""
"QCL","Crops and livestock products","728","South Sudan","5412","Yield","01324","Tangerines, mandarins, clementines","2018","2018","kg/ha","9088.3","E","Estimated value",""
"QCL","Crops and livestock products","728","South Sudan","5510","Production","01324","Tangerines, mandarins, clementines","2018","2018","t","17057.45","I","Value imputed by a receiving agency",""
"QCL","Crops and livestock products","728","South Sudan","5312","Area harvested","01324","Tangerines, mandarins, clementines","2019","2019","ha","1901","I","Value imputed by a receiving agency",""
"QCL","Crops and livestock products","728","South Sudan","5412","Yield","01324","Tangerines, mandarins, clementines","2019","2019","kg/ha","8676.8","E","Estimated value",""
"QCL","Crops and livestock products","728","South Sudan","5510","Production","01324","Tangerines, mandarins, clementines","2019","2019","t","16490.67","E","Estimated value",""
"QCL","Crops and livestock products","728","South Sudan","5312","Area harvested","01324","Tangerines, mandarins, clementines","2020","2020","ha","1939","I","Value imputed by a receiving agency",""
"QCL","Crops and livestock products","728","South Sudan","5412","Yield","01324","Tangerines, mandarins, clementines","2020","2020","kg/ha","8572.4","E","Estimated value",""
"QCL","Crops and livestock products","728","South Sudan","5510","Production","01324","Tangerines, mandarins, clementines","2020","2020","t","16625.35","I","Value imputed by a receiving agency",""
"QCL","Crops and livestock products","728","South Sudan","5312","Area harvested","01324","Tangerines, mandarins, clementines","2021","2021","ha","1906","E","Estimated value",""
"QCL","Crops and livestock products","728","South Sudan","5412","Yield","01324","Tangerines, mandarins, clementines","2021","2021","kg/ha","8776.5","E","Estimated value",""
"QCL","Crops and livestock products","728","South Sudan","5510","Production","01324","Tangerines, mandarins, clementines","2021","2021","t","16724.49","E","Estimated value",""
"QCL","Crops and livestock products","728","South Sudan","5312","Area harvested","01324","Tangerines, mandarins, clementines","2022","2022","ha","1915","E","Estimated value",""
"QCL","Crops and livestock products","728","South Sudan","5412","Yield","01324","Tangerines, mandarins, clementines","2022","2022","kg/ha","8674.6","E","Estimated value",""
"QCL","Crops and livestock products","728","South Sudan","5510","Production","01324","Tangerines, mandarins, clementines","2022","2022","t","16613.51","E","Estimated value",""
"QCL","Crops and livestock products","728","South Sudan","5312","Area harvested","01324","Tangerines, mandarins, clementines","2023","2023","ha","1920","E","Estimated value",""
"QCL","Crops and livestock products","728","South Sudan","5412","Yield","01324","Tangerines, mandarins, clementines","2023","2023","kg/ha","8673.9","E","Estimated value",""
"QCL","Crops and livestock products","728","South Sudan","5510","Production","01324","Tangerines, mandarins, clementines","2023","2023","t","16654.45","E","Estimated value",""
"QCL","Crops and livestock products","728","South Sudan","5312","Area harvested","01324","Tangerines, mandarins, clementines","2024","2024","ha","1914","E","Estimated value",""
"QCL","Crops and livestock products","728","South Sudan","5412","Yield","01324","Tangerines, mandarins, clementines","2024","2024","kg/ha","8708.2","E","Estimated value",""
"QCL","Crops and livestock products","728","South Sudan","5510","Production","01324","Tangerines, mandarins, clementines","2024","2024","t","16664.15","E","Estimated value",""
"QCL","Crops and livestock products","728","South Sudan","5312","Area harvested","01540","Yams","2012","2012","ha","17000","E","Estimated value",""
"QCL","Crops and livestock products","728","South Sudan","5412","Yield","01540","Yams","2012","2012","kg/ha","2529.4","E","Estimated value",""
"QCL","Crops and livestock products","728","South Sudan","5510","Production","01540","Yams","2012","2012","t","43000","E","Estimated value",""
"QCL","Crops and livestock products","728","South Sudan","5312","Area harvested","01540","Yams","2013","2013","ha","19000","E","Estimated value",""
"QCL","Crops and livestock products","728","South Sudan","5412","Yield","01540","Yams","2013","2013","kg/ha","2568.4","E","Estimated value",""
"QCL","Crops and livestock products","728","South Sudan","5510","Production","01540","Yams","2013","2013","t","48800","E","Estimated value",""
"QCL","Crops and livestock products","728","South Sudan","5312","Area harvested","01540","Yams","2014","2014","ha","20680","E","Estimated value",""
"QCL","Crops and livestock products","728","South Sudan","5412","Yield","01540","Yams","2014","2014","kg/ha","2466.2","E","Estimated value",""
"QCL","Crops and livestock products","728","South Sudan","5510","Production","01540","Yams","2014","2014","t","51000","E","Estimated value",""
"QCL","Crops and livestock products","728","South Sudan","5312","Area harvested","01540","Yams","2015","2015","ha","21761","I","Value imputed by a receiving agency",""
"QCL","Crops and livestock products","728","South Sudan","5412","Yield","01540","Yams","2015","2015","kg/ha","2454.1","E","Estimated value",""
"QCL","Crops and livestock products","728","South Sudan","5510","Production","01540","Yams","2015","2015","t","53403.49","I","Value imputed by a receiving agency",""
"QCL","Crops and livestock products","728","South Sudan","5312","Area harvested","01540","Yams","2016","2016","ha","20480","E","Estimated value",""
"QCL","Crops and livestock products","728","South Sudan","5412","Yield","01540","Yams","2016","2016","kg/ha","2493.5","E","Estimated value",""
"QCL","Crops and livestock products","728","South Sudan","5510","Production","01540","Yams","2016","2016","t","51067.83","E","Estimated value",""
"QCL","Crops and livestock products","728","South Sudan","5312","Area harvested","01540","Yams","2017","2017","ha","21054","I","Value imputed by a receiving agency",""
"QCL","Crops and livestock products","728","South Sudan","5412","Yield","01540","Yams","2017","2017","kg/ha","2482.1","E","Estimated value",""
"QCL","Crops and livestock products","728","South Sudan","5510","Production","01540","Yams","2017","2017","t","52258.65","I","Value imputed by a receiving agency",""
"QCL","Crops and livestock products","728","South Sudan","5312","Area harvested","01540","Yams","2018","2018","ha","21498","I","Value imputed by a receiving agency",""
"QCL","Crops and livestock products","728","South Sudan","5412","Yield","01540","Yams","2018","2018","kg/ha","2475.6","E","Estimated value",""
"QCL","Crops and livestock products","728","South Sudan","5510","Production","01540","Yams","2018","2018","t","53221.57","I","Value imputed by a receiving agency",""
"QCL","Crops and livestock products","728","South Sudan","5312","Area harvested","01540","Yams","2019","2019","ha","21852","I","Value imputed by a receiving agency",""
"QCL","Crops and livestock products","728","South Sudan","5412","Yield","01540","Yams","2019","2019","kg/ha","2474.4","E","Estimated value",""
"QCL","Crops and livestock products","728","South Sudan","5510","Production","01540","Yams","2019","2019","t","54070.47","I","Value imputed by a receiving agency",""
"QCL","Crops and livestock products","728","South Sudan","5312","Area harvested","01540","Yams","2020","2020","ha","22157","I","Value imputed by a receiving agency",""
"QCL","Crops and livestock products","728","South Sudan","5412","Yield","01540","Yams","2020","2020","kg/ha","2471.3","E","Estimated value",""
"QCL","Crops and livestock products","728","South Sudan","5510","Production","01540","Yams","2020","2020","t","54757.19","I","Value imputed by a receiving agency",""
"QCL","Crops and livestock products","728","South Sudan","5312","Area harvested","01540","Yams","2021","2021","ha","21836","E","Estimated value",""
"QCL","Crops and livestock products","728","South Sudan","5412","Yield","01540","Yams","2021","2021","kg/ha","2473.8","E","Estimated value",""
"QCL","Crops and livestock products","728","South Sudan","5510","Production","01540","Yams","2021","2021","t","54016.41","E","Estimated value",""
"QCL","Crops and livestock products","728","South Sudan","5312","Area harvested","01540","Yams","2022","2022","ha","21948","E","Estimated value",""
"QCL","Crops and livestock products","728","South Sudan","5412","Yield","01540","Yams","2022","2022","kg/ha","2473.1","E","Estimated value",""
"QCL","Crops and livestock products","728","South Sudan","5510","Production","01540","Yams","2022","2022","t","54281.35","E","Estimated value",""
"QCL","Crops and livestock products","728","South Sudan","5312","Area harvested","01540","Yams","2023","2023","ha","21981","E","Estimated value",""
"QCL","Crops and livestock products","728","South Sudan","5412","Yield","01540","Yams","2023","2023","kg/ha","2472.7","E","Estimated value",""
"QCL","Crops and livestock products","728","South Sudan","5510","Production","01540","Yams","2023","2023","t","54351.65","E","Estimated value",""
"QCL","Crops and livestock products","728","South Sudan","5312","Area harvested","01540","Yams","2024","2024","ha","21922","E","Estimated value",""
"QCL","Crops and livestock products","728","South Sudan","5412","Yield","01540","Yams","2024","2024","kg/ha","2473.2","E","Estimated value",""
"QCL","Crops and livestock products","728","South Sudan","5510","Production","01540","Yams","2024","2024","t","54216.47","E","Estimated value",""
